Category,Window Start,Window End,Predicted Mean,Predicted Standard Deviation,Lower Bound,Upper Bound,Next Day,Actual Next Day Mean,Actual Next Day Standard Deviation,Prediction Status
Lows,2020-06-27,2020-07-07,0.6721598778519005,0.5885492907031169,0.08361058714878356,1.2607091685550174,2020-07-10,0.33299663673397006,,True
Lows,2020-06-28,2020-07-10,0.6888459838320341,0.6022580506078072,0.08658793322422687,1.2911040344398415,2020-07-11,0.19424803809481572,0.0392440299911504,True
Lows,2020-06-29,2020-07-11,0.6174312639442343,0.6333991303522732,-0.015967866408038933,1.2508303942965076,2020-07-12,1.2209876680245526,0.6279044798584069,True
Lows,2020-06-30,2020-07-12,0.7110865680256632,0.6718928645926481,0.03919370343301509,1.3829794326183111,2020-07-13,0.2774971972783072,0.22199775782264597,True
Lows,2020-07-01,2020-07-13,0.7110865680256631,0.673114246102738,0.0379723219229251,1.384200814128401,2020-07-14,0.4994949551009533,,True
Lows,2020-07-03,2020-07-14,0.7318988578215362,0.6601770495397871,0.07172180828174912,1.3920759073613231,2020-07-15,0.1387485986391539,0.039244029991149766,True
Lows,2020-07-04,2020-07-15,0.6139625489782554,0.6138377670778462,0.0001247819004092099,1.2278003160561015,2020-07-16,0.30524691700613804,0.2747082099380534,True
Lows,2020-07-05,2020-07-16,0.50990109999889,0.4697140447661315,0.040187055232758506,0.9796151447650214,2020-07-17,0.2774971972783069,0.0784880599823008,True
Lows,2020-07-06,2020-07-17,0.4276721510995092,0.3903571458888043,0.037315005210704855,0.8180292969883135,2020-07-18,0.38849607618963056,0.0,True
Lows,2020-07-07,2020-07-18,0.4193290981094424,0.37844242070871303,0.040886677400729377,0.7977715188181554,2020-07-19,0.38849607618963056,,True
Lows,2020-07-10,2020-07-19,0.39466268057359283,0.3641277223163596,0.030534958257233236,0.7587904028899524,2020-07-21,0.3329966367339692,0.26808776211810653,True
Lows,2020-07-11,2020-07-21,0.38585324573936086,0.3520940561274078,0.03375918961195307,0.7379473018667686,2020-07-22,0.4347456090693485,0.33743780898119763,True
Lows,2020-07-12,2020-07-22,0.4129158295501215,0.3517689730645481,0.06114685648557344,0.7646848026146695,2020-07-23,0.4994949551009527,0.5086607646663748,True
Lows,2020-07-13,2020-07-23,0.36074635646179964,0.2637245534074817,0.09702180305431796,0.6244709098692813,2020-07-24,0.16649831836698414,0.0784880599823008,True
Lows,2020-07-14,2020-07-24,0.35519641251623346,0.266165961267647,0.08903045124858644,0.6213623737838805,2020-07-25,0.2219977578226464,,True
Lows,2020-07-15,2020-07-25,0.34409652462510126,0.2656833390006598,0.07841318562444144,0.6097798636257611,2020-07-26,0.24974747755047666,0.1962201499557526,True
Lows,2020-07-16,2020-07-26,0.352976434938007,0.26319844826629457,0.08977798667171244,0.6161748832043016,2020-07-27,0.05549943945566138,,False
Lows,2020-07-17,2020-07-27,0.34455901995389837,0.26940622596533126,0.07515279398856711,0.6139652459192296,2020-07-30,0.11099887891132276,,True
Lows,2020-07-18,2020-07-30,0.3402356940542726,0.2786574083456421,0.0615782857086305,0.6188931023999147,2020-07-31,0.7029928997717119,0.8816087850021164,False
Lows,2020-07-19,2020-07-31,0.3815586462576727,0.39628191520884626,-0.01472326895117354,0.7778405614665189,2020-08-01,1.0267396299297378,0.5101723898849557,False
Lows,2020-07-21,2020-08-01,0.4328956277541595,0.43963824127146034,-0.006742613517300822,0.8725338690256199,2020-08-03,0.1664983183669846,,True
Lows,2020-07-22,2020-08-03,0.43895011205841356,0.46050652730925135,-0.02155641525083779,0.8994566393676648,2020-08-04,0.02999296054415157,0.05400394557811472,True
Lows,2020-07-23,2020-08-04,0.3584200326522806,0.48297298963323165,-0.12455295698095104,0.8413930222855123,2020-08-05,0.002990987755096164,1.820224117943741e-15,True
Lows,2020-07-24,2020-08-05,0.25840321484173795,0.4507344452340877,-0.19233123039234973,0.7091376600758257,2020-08-06,0.002990987755095276,1.158042994232744e-15,True
Lows,2020-07-25,2020-08-06,0.2146731611423897,0.4340558736975064,-0.2193827125551167,0.6487290348398962,2020-08-07,0.002990987755094802,5.127900802669516e-16,True
Lows,2020-07-26,2020-08-07,0.1908816382963845,0.422483473803448,-0.23160183550706348,0.6133651120998325,2020-08-08,0.0029909877550959862,1.2560739669470201e-15,True
Lows,2020-07-27,2020-08-08,0.17260337979302295,0.4232180716549116,-0.25061469186188867,0.5958214514479345,2020-08-10,0.00299098775509421,,True
Lows,2020-07-30,2020-08-10,0.17065862232263157,0.4238969783696741,-0.25323835604704253,0.5945556006923056,2020-08-11,0.4069958893415177,0.12513041682362533,True
Lows,2020-07-31,2020-08-11,0.1971645376491132,0.4160551294584722,-0.21889059180935896,0.6132196671075854,2020-08-12,1.5539843047585222,,False
Lows,2020-08-01,2020-08-12,0.19121397026917292,0.4097279170473059,-0.21851394677813296,0.6009418873164788,2020-08-13,0.1664983183669846,0.07848805998230016,True
Lows,2020-08-03,2020-08-13,0.12749239163489492,0.31659663894675544,-0.1891042473118605,0.4440890305816504,2020-08-14,0.7029928997717129,0.3611019468452845,False
Lows,2020-08-04,2020-08-14,0.18568189500311438,0.3664864531770807,-0.1808045581739663,0.5521683481801951,2020-08-16,1.1654882285688917,,False
Lows,2020-08-05,2020-08-16,0.24731889774933086,0.42503095618924647,-0.1777120584399156,0.6723498539385773,2020-08-17,1.7574822494292803,0.6113341562737787,False
Lows,2020-08-06,2020-08-17,0.48699096462479013,0.6733568199739521,-0.186365855349162,1.1603477845987422,2020-08-18,0.12487373877523877,0.08324915918349232,True
Lows,2020-08-07,2020-08-18,0.5292314420574104,0.6661082818452367,-0.1368768397878264,1.195339723902647,2020-08-19,0.5827441142844458,0.3531962699203542,True
Lows,2020-08-08,2020-08-19,0.6058562923920022,0.6521730353948512,-0.04631674300284894,1.2580293277868533,2020-08-20,0.8602413115627532,0.9811007497787624,True
Lows,2020-08-10,2020-08-20,0.6837881400108802,0.6605696615479827,0.023218478462897485,1.3443578015588629,2020-08-22,0.2774971972783078,,True
Lows,2020-08-11,2020-08-22,0.6962656949892082,0.6495991523795073,0.046666542609700934,1.3458648473687154,2020-08-25,0.2180335121472421,0.15136982996586715,True
Lows,2020-08-12,2020-08-25,0.6920440307634528,0.6730217130902367,0.01902231767321605,1.3650657438536895,2020-08-26,0.44399551564529194,,True
Lows,2020-08-13,2020-08-26,0.6391874217580609,0.6449450097608881,-0.005757588002827219,1.284132431518949,2020-08-27,0.2774971972783078,,True
Lows,2020-08-14,2020-08-27,0.6683718208731808,0.6480674183280926,0.02030440254508825,1.3164392392012734,2020-08-29,1.387485986391538,1.726737319610621,False
Lows,2020-08-16,2020-08-29,0.7386015626806081,0.8040733495738748,-0.06547178689326671,1.542674912254483,2020-08-31,1.2764871074802144,0.1569761199646016,True
Lows,2020-08-17,2020-08-31,0.7710457838661546,0.7959638173632162,-0.024918033497061565,1.5670096012293708,2020-09-01,0.915740751018415,0.1962201499557526,True
Lows,2020-08-18,2020-09-01,0.6305237068985305,0.6698330204669388,-0.03930931356840828,1.3003567273654695,2020-09-02,0.05549943945566138,,True
Lows,2020-08-19,2020-09-02,0.7209971822141741,0.69437453099184,0.026622651222334093,1.4153717132060142,2020-09-04,0.6104938340122761,,True
Lows,2020-08-20,2020-09-04,0.7320640347246781,0.7111227678958989,0.02094126682877917,1.443186802620577,2020-09-05,0.1664983183669846,,True
Lows,2020-08-22,2020-09-05,0.6733554440079751,0.6992265817013745,-0.025871137693399437,1.3725820257093497,2020-09-06,0.2774971972783078,,True
Lows,2020-08-25,2020-09-06,0.6733554440079751,0.6992265817013745,-0.025871137693399437,1.3725820257093497,2020-09-09,0.9249906575943582,0.28480100339916714,True
Lows,2020-08-26,2020-09-09,0.7843920776400161,0.6593086026642867,0.12508347497572936,1.4437006803043029,2020-09-10,0.6104938340122765,0.4709283598938054,True
Lows,2020-08-27,2020-09-10,0.7839295823112188,0.645601071159638,0.13832851115158074,1.4295306534708567,2020-09-13,0.3329966367339692,,True
Lows,2020-08-29,2020-09-13,0.7873982972771976,0.6428418880407887,0.1445564092364089,1.4302401853179862,2020-09-17,0.5272446748287845,0.4316843299026562,True
Lows,2020-08-31,2020-09-17,0.6798681333318534,0.41901157914057724,0.2608565541912761,1.0988797124724305,2020-09-18,0.2774971972783078,,True
Lows,2020-09-01,2020-09-18,0.5734942077085023,0.36734392588010856,0.2061502818283938,0.9408381335886109,2020-09-21,0.05549943945566227,,False
Lows,2020-09-02,2020-09-21,0.48760221807474036,0.3701817229251881,0.11742049514955227,0.8577839409999284,2020-09-22,1.3874859863915372,1.5697611996460183,False
Lows,2020-09-04,2020-09-22,0.6363935724249186,0.6179681338574506,0.018425438567467922,1.2543617062823693,2020-09-24,0.9434904707462459,0.5494164198761071,True
Lows,2020-09-05,2020-09-24,0.6763994183658746,0.6223922522563624,0.05400716610951217,1.2987916706222369,2020-09-26,0.08324915918349207,0.0392440299911504,True
Lows,2020-09-06,2020-09-26,0.636611217285529,0.6239423271128893,0.012668890172639724,1.2605535443984184,2020-09-29,1.220987668024553,,True
Lows,2020-09-09,2020-09-29,0.6921106567411904,0.6319134733867438,0.06019718335444668,1.3240241301279343,2020-09-30,0.3884960761896303,0.4002121494337937,True
Lows,2020-09-10,2020-09-30,0.5974351423756504,0.6377998298070094,-0.040364687431359014,1.2352349721826599,2020-10-01,0.08324915918349252,0.039244029991149766,True
Lows,2020-09-13,2020-10-01,0.5354063571016757,0.6495868513183846,-0.11418049421670884,1.1849932084200603,2020-10-02,0.11099887891132365,0.0784880599823008,True
Lows,2020-09-17,2020-10-02,0.4994949551009536,0.6441423854266883,-0.14464743032573474,1.1436373405276419,2020-10-03,0.11099887891132276,,True
Lows,2020-09-18,2020-10-03,0.4733775718277011,0.6616774025885703,-0.1882998307608692,1.1350549744162715,2020-10-04,0.2774971972783069,0.3139522399292044,True
Lows,2020-09-21,2020-10-04,0.46249532879717914,0.6480684093243428,-0.1855730805271637,1.110563738121522,2020-10-05,0.36074635646180075,0.11773208997345118,True
Lows,2020-09-22,2020-10-05,0.4732057469377454,0.6239042226854036,-0.15069847574765816,1.097109969623149,2020-10-06,0.05087448616768908,6.280369834735101e-16,True
Lows,2020-09-24,2020-10-06,0.3325097995457615,0.39799954160414297,-0.06548974205838148,0.7305093411499044,2020-10-09,0.74924243265143,,False
Lows,2020-09-26,2020-10-09,0.28777487125157813,0.33785277923638274,-0.050077907984804604,0.6256276504879609,2020-10-10,0.24974747755047733,0.039244029991149454,True
Lows,2020-09-29,2020-10-10,0.3062746844034654,0.33019840412122026,-0.023923719717754865,0.6364730885246856,2020-10-11,0.05549943945566138,,True
Lows,2020-09-30,2020-10-11,0.24152533837186027,0.2430505326176965,-0.00152519424583622,0.4845758709895568,2020-10-13,0.2774971972783069,,True
Lows,2020-10-01,2020-10-13,0.21621656621268134,0.20168544038124472,0.01453112583143662,0.41790200659392607,2020-10-14,0.5827441142844458,0.5886604498672565,False
Lows,2020-10-02,2020-10-14,0.27865343560030054,0.2739935164754409,0.004659919124859635,0.5526469520757414,2020-10-15,1.7204826231255064,,False
Lows,2020-10-03,2020-10-15,0.39712932232717785,0.45763628724953326,-0.06050696492235541,0.8547656095767111,2020-10-16,0.2774971972783078,,True
Lows,2020-10-04,2020-10-16,0.40822921021831016,0.45218727960657606,-0.04395806938826591,0.8604164898248863,2020-10-17,0.7954919655311478,0.7494137076411299,True
Lows,2020-10-05,2020-10-17,0.4971824784569676,0.5276637292085172,-0.030481250751549616,1.024846207665485,2020-10-18,1.193237948296722,0.46323473027453416,False
Lows,2020-10-06,2020-10-18,0.6670210408652649,0.6033175114886382,0.06370352937662671,1.2703385523539032,2020-10-19,0.5549943945566153,0.6303524598239858,True
Lows,2020-10-09,2020-10-19,0.7141901551004862,0.5877762213482538,0.12641393375223242,1.30196637644874,2020-10-21,0.0286809183764154,1.7763568394002505e-15,False
Lows,2020-10-10,2020-10-21,0.6145911080660501,0.6090515848452734,0.005539523220776665,1.2236426929113235,2020-10-22,0.14504350150358752,0.26019464590982694,True
Lows,2020-10-11,2020-10-22,0.5471723259085015,0.604878988738062,-0.057706662829560496,1.1520513146465636,2020-10-23,0.3746212163257152,0.4187051720947444,True
Lows,2020-10-13,2020-10-23,0.5398193054685643,0.5823375694509099,-0.042518263982345594,1.1221568749194741,2020-10-24,0.38849607618963056,0.38849607618963117,True
Lows,2020-10-14,2020-10-24,0.5332107682393731,0.570636184059422,-0.03742541582004888,1.103846952298795,2020-10-25,0.7769921523792611,,True
Lows,2020-10-15,2020-10-25,0.5383791500982925,0.5717021861367788,-0.0333230360384863,1.1100813362350714,2020-10-26,0.5549943945566156,,True
Lows,2020-10-16,2020-10-26,0.4967545705065464,0.5227833631055468,-0.026028792599000428,1.0195379336120933,2020-10-27,0.5919940208603899,0.7390669565749513,True
Lows,2020-10-17,2020-10-27,0.5135870946495387,0.5395478243321741,-0.02596072968263541,1.0531349189817127,2020-10-28,0.36074635646179987,0.2747082099380528,True
Lows,2020-10-18,2020-10-28,0.47388378123504543,0.5055782351407514,-0.031694453905705966,0.9794620163757968,2020-10-29,0.021345938252178343,,True
Lows,2020-10-19,2020-10-29,0.34580860772621563,0.41093682884846555,-0.06512822112224992,0.7567454365746812,2020-10-30,0.11099887891132276,,True
Lows,2020-10-21,2020-10-30,0.3098766456717951,0.37992627845350313,-0.070049632781708,0.6898029241252983,2020-10-31,0.6104938340122761,,True
Lows,2020-10-22,2020-10-31,0.3618859352275506,0.3850516229302303,-0.023165687702679738,0.7469375581577808,2020-11-01,0.12949869206321019,0.12817046523839826,True
Lows,2020-10-23,2020-11-01,0.3812384571838903,0.3835449609918175,-0.002306503807927185,0.7647834181757078,2020-11-03,0.27749719727830735,0.3139522399292038,True
Lows,2020-10-24,2020-11-03,0.3711821484961978,0.3747297825484443,-0.0035476340522465066,0.745911931044642,2020-11-06,0.8810536013586268,0.5257211073055903,False
Lows,2020-10-25,2020-11-06,0.4757897289366934,0.45616363535912907,0.01962609357756434,0.9319533642958224,2020-11-07,1.1099887891132298,1.177320899734515,False
Lows,2020-10-26,2020-11-07,0.5241495137822186,0.5524366999293853,-0.028287186147166632,1.0765862137116038,2020-11-08,0.7214927129235994,0.27564100790222035,True
Lows,2020-10-27,2020-11-08,0.5571289883818329,0.5289906267879027,0.02813836159393024,1.0861196151697357,2020-11-09,1.3319865469358758,,False
Lows,2020-10-28,2020-11-09,0.5890462484350886,0.5309994577092262,0.058046790725862385,1.1200457061443148,2020-11-10,0.46249532879717936,0.3155831716307587,True
Lows,2020-10-29,2020-11-10,0.5925438404820365,0.5212833957650107,0.07126044471702575,1.1138272362470472,2020-11-11,0.8879910312905848,0.0784880599823008,True
Lows,2020-10-30,2020-11-11,0.6430695919536431,0.5001008890917055,0.14296870286193764,1.1431704810453485,2020-11-12,0.44399551564529105,,True
Lows,2020-10-31,2020-11-12,0.6575477065942505,0.4886870101072318,0.16886069648701874,1.1462347167014824,2020-11-13,0.38849607618963056,,True
Lows,2020-11-01,2020-11-13,0.6478956301671789,0.4918407834682832,0.1560548466988957,1.139736413635462,2020-11-14,0.8990909191817164,0.7674189882427148,True
Lows,2020-11-03,2020-11-14,0.7603423205425628,0.5337765165685626,0.22656580397400017,1.2941188371111254,2020-11-15,0.11099887891132276,,False
Lows,2020-11-06,2020-11-15,0.7735234374132821,0.5393494123264104,0.23417402508687168,1.3128728497396924,2020-11-17,0.6104938340122761,,True
Lows,2020-11-07,2020-11-17,0.7452781869760259,0.5396793084139264,0.20559887856209946,1.2849574953899523,2020-11-18,0.38849607618963056,0.23546417994690236,True
Lows,2020-11-08,2020-11-18,0.6765645952690162,0.4681794842167934,0.20838511105222285,1.1447440794858097,2020-11-19,0.2219977578226464,,True
Lows,2020-11-09,2020-11-19,0.6413268559320885,0.5048070680308099,0.1365197879012786,1.1461339239628985,2020-11-20,0.915740751018415,1.0595888097610637,True
Lows,2020-11-10,2020-11-20,0.6338620190462393,0.5337174578941074,0.10014456115213188,1.1675794769403467,2020-11-22,2.885970851694399,,False
Lows,2020-11-11,2020-11-22,0.7965801898342005,0.7690080658223478,0.027572124011852717,1.5655882556565484,2020-11-23,0.3607463564617994,0.1962201499557526,True
Lows,2020-11-12,2020-11-23,0.7345514045602257,0.7823082089158963,-0.047756804355670535,1.516859613476122,2020-11-24,0.4162457959174617,0.03924402999115102,True
Lows,2020-11-13,2020-11-24,0.7153261085396372,0.7633208952049942,-0.04799478666535706,1.4786470037446313,2020-11-25,0.3329966367339692,0.0784880599823008,True
Lows,2020-11-14,2020-11-25,0.6922824816311461,0.7485840115925845,-0.056301529961438335,1.4408664932237305,2020-11-26,0.5549943945566147,,True
Lows,2020-11-15,2020-11-26,0.6141937966426542,0.7292172181842133,-0.11502342154155909,1.3434110148268674,2020-11-27,0.610493834012277,0.6279044798584076,True
Lows,2020-11-17,2020-11-27,0.6451809836720651,0.7104145041702125,-0.06523352049814735,1.3555954878422776,2020-11-28,0.11099887891132254,0.07848805998230172,True
Lows,2020-11-18,2020-11-28,0.5843764507390242,0.7107714771862395,-0.12639502644721523,1.2951479279252638,2020-11-29,0.2219977578226464,,True
Lows,2020-11-19,2020-11-29,0.5862128292504247,0.7340399726945868,-0.14782714344416203,1.3202528019450115,2020-11-30,0.9434904707462453,,True
Lows,2020-11-20,2020-11-30,0.6313061238081497,0.7323332772326454,-0.10102715342449575,1.363639401040795,2020-12-01,1.1377385088410605,0.8241246298141601,True
Lows,2020-11-22,2020-12-01,0.6590558435359803,0.7275508710561414,-0.06849502752016101,1.3866067145921217,2020-12-02,0.055499439455661825,6.280369834735101e-16,True
Lows,2020-11-23,2020-12-02,0.45705420728191826,0.4341431952731261,0.022911012008792142,0.8911974025550444,2020-12-03,0.4994949551009533,0.3924402999115052,True
Lows,2020-11-24,2020-12-03,0.4733775718277011,0.44100130440264995,0.032376267425051175,0.9143788762303511,2020-12-05,0.8324915918349227,1.517210269158419,True
Lows,2020-11-25,2020-12-05,0.554994394556615,0.7600699509079387,-0.20507555635132368,1.3150643454645539,2020-12-07,1.0683642095214836,1.157698884738939,True
Lows,2020-11-26,2020-12-07,0.6324015074816165,0.8181111728469019,-0.18570966536528544,1.4505126803285184,2020-12-08,3.052469170061382,,False
Lows,2020-11-27,2020-12-08,0.763847548297657,0.9879821888722847,-0.22413464057462773,1.7518297371699418,2020-12-09,0.527244674828784,0.30900780115827425,True
Lows,2020-11-28,2020-12-09,0.7333854499498126,0.9386041272719099,-0.2052186773220973,1.6719895772217224,2020-12-11,0.6289936471641635,0.33910717644425015,True
Lows,2020-11-29,2020-12-11,0.7757308014825413,0.9013718422397531,-0.12564104075721183,1.6771026437222942,2020-12-12,0.8324915918349225,,True
Lows,2020-11-30,2020-12-12,0.8034805212103723,0.892870054762612,-0.08938953355223977,1.6963505759729842,2020-12-13,0.3884960761896308,0.2354641799469033,True
Lows,2020-12-01,2020-12-13,0.7613075281852697,0.8811385581625979,-0.1198310299773282,1.6424460863478676,2020-12-15,0.22199775782264597,0.235464179946903,True
Lows,2020-12-02,2020-12-15,0.6816778976619293,0.8688980681052658,-0.1872201704433365,1.5505759657671951,2020-12-16,0.5272446748287845,,True
Lows,2020-12-03,2020-12-16,0.731583520097356,0.8672480529597544,-0.13566453286239832,1.5988315730571103,2020-12-17,0.4994949551009529,0.13594530767685906,True
Lows,2020-12-05,2020-12-17,0.7122428063476557,0.8286891054592986,-0.11644629911164295,1.5409319118069544,2020-12-18,0.22199775782264553,0.0784880599823008,True
Lows,2020-12-07,2020-12-18,0.6458116591204245,0.6626362262882254,-0.016824567167800897,1.3084478854086499,2020-12-19,0.6659932734679384,,True
Lows,2020-12-08,2020-12-19,0.6065295883368721,0.6120235578605039,-0.005493969523631792,1.218553146197376,2020-12-21,0.2219977578226464,,True
Lows,2020-12-09,2020-12-21,0.47174523537312263,0.25250720196417675,0.21923803340894588,0.7242524373372994,2020-12-25,0.610493834012277,,True
Lows,2020-12-11,2020-12-25,0.46712028208515083,0.2419632539405894,0.22515702814456143,0.7090835360257403,2020-12-26,0.2774971972783078,,True
Lows,2020-12-12,2020-12-26,0.42491758333240826,0.21511999642978222,0.20979758690262604,0.6400375797621904,2020-12-27,0.4994949551009533,,True
Lows,2020-12-13,2020-12-27,0.40410529353653524,0.18737911346208974,0.2167261800744455,0.5914844069986249,2020-12-28,0.1109988789113232,,False
Lows,2020-12-15,2020-12-28,0.3866460948744417,0.1985792974180694,0.18806679745637228,0.585225392292511,2020-12-29,0.010255331203762985,8.881784197001252e-16,False
Lows,2020-12-16,2020-12-29,0.3366538688176639,0.23486638066907242,0.10178748814859148,0.5715202494867363,2020-12-30,0.9712401904740764,0.9811007497787617,False
Lows,2020-12-17,2020-12-30,0.40009985924717595,0.39454364332013914,0.005556215927036812,0.7946435025673151,2020-12-31,0.29599701043019433,0.27377223375899074,True
Lows,2020-12-18,2020-12-31,0.3557318011305476,0.4120349784056068,-0.056303177275059235,0.7677667795361545,2021-01-02,0.3329966367339692,0.24191644801038195,True
Lows,2020-12-19,2021-01-02,0.36745313015561054,0.40473174476461043,-0.037278614608999894,0.7721848749202209,2021-01-04,1.526234585030691,0.9811007497787617,False
Lows,2020-12-21,2021-01-04,0.479621061624379,0.5917787911729463,-0.11215772954856729,1.0713998527973252,2021-01-05,0.05549943945566138,,True
Lows,2020-12-25,2021-01-05,0.4703711550484354,0.5973178102954854,-0.12694665524704996,1.0676889653439208,2021-01-06,0.16649831836698503,0.0784880599823008,True
Lows,2020-12-26,2021-01-06,0.43100966282071207,0.587233241009778,-0.15622357818906596,1.01824290383049,2021-01-07,0.3746212163257151,0.08324915918349225,True
Lows,2020-12-27,2021-01-07,0.4277350573462764,0.5440973188235642,-0.11636226147728773,0.9718323761698406,2021-01-11,0.2219977578226464,0.23546417994690236,True
Lows,2020-12-28,2021-01-11,0.40672486183314877,0.5368966574870632,-0.1301717956539144,0.943621519320212,2021-01-14,0.4217957398630274,0.2791572152592223,True
Lows,2020-12-29,2021-01-14,0.42046857935430504,0.5023779314958418,-0.08190935214153672,0.9228465108501468,2021-01-15,0.22199775782264553,,True
Lows,2020-12-30,2021-01-15,0.4617553362711037,0.5022418188363127,-0.04048648256520898,0.9639971551074165,2021-01-16,0.20349794467075868,0.08477679411106273,True
Lows,2020-12-31,2021-01-16,0.39276526384006605,0.43187639082100293,-0.03911112698093688,0.824641654661069,2021-01-17,0.485620095237038,0.4112829264376335,True
Lows,2021-01-02,2021-01-17,0.4172735633147884,0.43899653716363024,-0.021722973848841864,0.8562701004784186,2021-01-18,0.508744861676897,0.4203571167945667,True
Lows,2021-01-04,2021-01-18,0.4439955156452921,0.4466192025551279,-0.0026236869098357762,0.89061471820042,2021-01-19,0.5827441142844461,0.48277069299189646,True
Lows,2021-01-05,2021-01-19,0.3936991486385988,0.32002052848751156,0.07367862015108723,0.7137196771261103,2021-01-20,1.1099887891132298,,False
Lows,2021-01-06,2021-01-20,0.4266519408153978,0.3378657270814294,0.08878621373396839,0.7645176678968273,2021-01-21,1.5539843047585222,,False
Lows,2021-01-07,2021-01-21,0.47980160561668644,0.3907487390207305,0.08905286659595596,0.870550344637417,2021-01-22,0.2497474775504771,0.0392440299911504,True
Lows,2021-01-11,2021-01-22,0.47844344358328883,0.40632634626616176,0.07211709731712707,0.8847697898494506,2021-01-23,1.1654882285688912,0.7074818119446982,False
Lows,2021-01-14,2021-01-23,0.6018220465973294,0.5177812597447038,0.08404078685262562,1.1196033063420332,2021-01-24,0.30524691700613804,0.3531962699203542,True
Lows,2021-01-15,2021-01-24,0.6124076077866097,0.5390027071666951,0.07340490061991467,1.1514103149533048,2021-01-25,0.38849607618962995,0.1468377147031658,True
Lows,2021-01-16,2021-01-25,0.6033326160179977,0.5219587657244279,0.0813738502935698,1.1252913817424255,2021-01-26,0.5549943945566147,0.23546417994690236,True
Lows,2021-01-17,2021-01-26,0.6400935350552959,0.515244390721049,0.12484914433424688,1.1553379257763448,2021-01-27,0.665993273467938,0.3375899107734522,True
Lows,2021-01-18,2021-01-27,0.6640794996936049,0.5109228131637856,0.15315668652981929,1.1750023128573905,2021-01-28,0.7399925260754868,0.4848927722000032,True
Lows,2021-01-19,2021-01-28,0.708685149972293,0.5183321275143259,0.19035302245796715,1.227017277486619,2021-01-29,0.7214927129235997,0.470928359893806,True
Lows,2021-01-20,2021-01-29,0.730742619499543,0.517707424375261,0.21303519512428204,1.2484500438748038,2021-01-30,0.665993273467938,0.30900780115827425,True
Lows,2021-01-21,2021-01-30,0.708685149972293,0.49845979033160914,0.2102253596406839,1.2071449403039023,2021-01-31,0.610493834012277,,True
Lows,2021-01-22,2021-01-31,0.6723970549435913,0.46786440198084434,0.20453265296274692,1.1402614569244356,2021-02-01,0.665993273467938,0.4542824905857661,True
Lows,2021-01-23,2021-02-01,0.7029928997717123,0.45998392007381195,0.24300897969790036,1.1629768198455244,2021-02-02,0.4254957024934045,0.08477679411106283,True
Lows,2021-01-24,2021-02-02,0.5771941703388795,0.3081760155279603,0.26901815481091923,0.8853701858668399,2021-02-03,0.4994949551009533,,True
Lows,2021-01-25,2021-02-03,0.5966189741483611,0.2951537661759257,0.30146520797243537,0.8917727403242868,2021-02-04,0.1664983183669846,0.07848805998230016,False
Lows,2021-01-26,2021-02-04,0.5863636429445975,0.3165397491010163,0.26982389384358124,0.9029033920456138,2021-02-07,1.3319865469358758,,False
Lows,2021-01-27,2021-02-07,0.6231073429794723,0.35678344554675223,0.2663238974327201,0.9798907885262246,2021-02-08,0.5827441142844454,0.7456365698318588,True
Lows,2021-01-28,2021-02-08,0.6131366644625462,0.38709663097390606,0.22604003348864016,1.0002332954364523,2021-02-10,0.7769921523792611,,True
Lows,2021-01-29,2021-02-10,0.6017307646245404,0.3728816932379433,0.22884907138659716,0.9746124578624837,2021-02-11,1.4429854258471995,,False
Lows,2021-01-30,2021-02-11,0.635160251548126,0.415852640357148,0.21930761119097808,1.0510128919052741,2021-02-12,1.193237948296722,0.3531962699203542,False
Lows,2021-01-31,2021-02-12,0.6953753296503469,0.4631450863974926,0.2322302432528543,1.1585204160478395,2021-02-14,0.9434904707462453,,True
Lows,2021-02-01,2021-02-14,0.7149633671052863,0.46636141036303747,0.24860195674224883,1.1813247774683238,2021-02-15,0.6604433295223723,0.3916546328573853,True
Lows,2021-02-02,2021-02-15,0.7083481088419955,0.4526190558874213,0.2557290529545742,1.1609671647294169,2021-02-16,0.5827441142844458,0.19622014995575385,True
Lows,2021-02-03,2021-02-16,0.7415341771714773,0.452664849163377,0.2888693280081003,1.1941990263348543,2021-02-17,0.38849607618963083,0.28838354678639594,True
Lows,2021-02-04,2021-02-17,0.7006804231277265,0.45489542981684006,0.24578499331088643,1.1555758529445666,2021-02-18,0.5549943945566153,0.5294309095342182,True
Lows,2021-02-07,2021-02-18,0.7307426194995432,0.44497723288287255,0.28576538661667067,1.1757198523824157,2021-02-19,0.3329966367339683,,True
Lows,2021-02-08,2021-02-19,0.6831716713946905,0.4306552835524931,0.2525163878421974,1.1138269549471835,2021-02-20,0.16649831836698414,,False
Lows,2021-02-10,2021-02-20,0.6673807594543296,0.42271668240208066,0.24466407705224896,1.0900974418564102,2021-02-21,1.8037317823089984,2.079933589530976,False
Lows,2021-02-11,2021-02-21,0.770385076253587,0.7095416540577608,0.06084342219582617,1.4799267303113477,2021-02-23,0.8879910312905848,0.8633686598053112,True
Lows,2021-02-12,2021-02-23,0.75050378354815,0.7030873366818289,0.04741644686632107,1.4535911202299787,2021-02-24,0.22199775782264553,,True
Lows,2021-02-14,2021-02-24,0.6831716713946905,0.7088125956856514,-0.025640924290960876,1.3919842670803417,2021-02-25,0.13922911326647544,0.1657727934414436,True
Lows,2021-02-15,2021-02-25,0.5476342041592734,0.6757382227638952,-0.12810401860462173,1.2233724269231687,2021-02-26,0.01946084240652901,,True
Lows,2021-02-16,2021-02-26,0.49798788649708076,0.7225316994932339,-0.22454381299615317,1.2205195859903146,2021-02-27,1.257987294328328,1.1933455005028353,False
Lows,2021-02-17,2021-02-27,0.5897481372761683,0.8338712886345877,-0.24412315135841944,1.423619425910756,2021-02-28,1.2209876680245526,1.5234570857589327,True
Lows,2021-02-18,2021-02-28,0.7401462907562296,1.0352170552604283,-0.29507076450419867,1.775363346016658,2021-03-01,0.47174523537312263,0.0392440299911504,True
Lows,2021-02-19,2021-03-01,0.7409235231659225,1.046782865132322,-0.30585934196639963,1.7877063882982447,2021-03-02,0.2774971972783078,,True
Lows,2021-02-20,2021-03-02,0.7386110465219367,1.0477840324391177,-0.309172985917181,1.7863950789610543,2021-03-03,0.527244674828784,0.13211509156561826,True
Lows,2021-02-21,2021-03-03,0.728486870276838,0.9835486658007154,-0.2550617955238774,1.7120355360775534,2021-03-04,0.4809951419490662,0.4238839705553126,True
Lows,2021-02-23,2021-03-04,0.6251666913822798,0.8334966616584311,-0.2083299702761513,1.458663353040711,2021-03-05,1.9424803809481523,1.8837134395752233,False
Lows,2021-02-24,2021-03-05,0.7004873592149631,0.9571166022205762,-0.2566292430056131,1.6576039614355391,2021-03-06,0.16649831836698414,,True
Lows,2021-02-25,2021-03-06,0.6985052363772609,0.9582010754542961,-0.2596958390770352,1.656706311831557,2021-03-07,0.8047418721070917,0.2332737678739368,True
Lows,2021-02-26,2021-03-07,0.8439130548997238,0.9473025896317391,-0.10338953473201529,1.7912156445314629,2021-03-08,0.4994949551009542,,True
Lows,2021-02-27,2021-03-08,0.8623759053879708,0.9351918409996337,-0.07281593561166289,1.7975677463876045,2021-03-10,0.2589973841264201,0.30566707813688937,True
Lows,2021-02-28,2021-03-10,0.7471078388262123,0.882735048475367,-0.13562720964915465,1.6298428873015793,2021-03-12,0.9434904707462455,0.6279044798584072,True
Lows,2021-03-01,2021-03-12,0.6611672352544022,0.6528105640982446,0.00835667115615768,1.3139777993526467,2021-03-15,1.047551919725611,0.3239118649456872,True
Lows,2021-03-02,2021-03-15,0.7381425447602978,0.6476255883574866,0.09051695640281121,1.3857681331177845,2021-03-17,0.44399551564529194,0.0784880599823008,True
Lows,2021-03-03,2021-03-17,0.7332329789622971,0.6334804860079604,0.09975249295433675,1.3667134649702575,2021-03-18,0.05549943945566138,,False
Lows,2021-03-04,2021-03-18,0.7395903562243586,0.6831991395009634,0.0563912167233952,1.422789495725322,2021-03-20,0.5827441142844458,0.431684329902655,True
Lows,2021-03-05,2021-03-20,0.7605945907219064,0.6878060583525453,0.07278853236936111,1.4484006490744517,2021-03-21,0.6104938340122761,,True
Lows,2021-03-06,2021-03-21,0.6408863841903768,0.407070962828099,0.2338154213622778,1.0479573470184758,2021-03-22,0.3514964498858557,0.3056670781368897,True
Lows,2021-03-07,2021-03-22,0.6237654390994999,0.40002578045361664,0.22373965864588324,1.0237912195531165,2021-03-23,0.610493834012277,0.7063925398407096,True
Lows,2021-03-08,2021-03-23,0.5880297751849849,0.4300417899005162,0.15798798528446867,1.018071565085501,2021-03-24,0.3897574270863502,0.42597819893405914,True
Lows,2021-03-10,2021-03-24,0.558673334672047,0.43598051245055064,0.12269282222149641,0.9946538471225976,2021-03-26,0.6521184136040228,0.2158421649513281,True
Lows,2021-03-12,2021-03-26,0.6058871611720832,0.4225634366767429,0.1833237244953403,1.028450597848826,2021-03-27,0.11099887891132276,,False
Lows,2021-03-15,2021-03-27,0.5527010292898521,0.40759354412349247,0.14510748516635963,0.9602945734133446,2021-03-28,0.2774971972783069,0.0,True
Lows,2021-03-17,2021-03-28,0.42621046800154583,0.3265443625880892,0.09966610541345661,0.752754830589635,2021-03-29,0.27749719727830735,0.07848805998230142,True
Lows,2021-03-18,2021-03-29,0.4095606361648474,0.32959684416271395,0.07996379200213344,0.7391574803275613,2021-03-30,0.6659932734679384,,True
Lows,2021-03-20,2021-03-30,0.4400853278654613,0.3232898930770073,0.116795434788454,0.7633752209424686,2021-03-31,1.054489349657568,,False
Lows,2021-03-21,2021-03-31,0.45740566728410004,0.3440404318924102,0.11336523539168986,0.8014460991765102,2021-04-03,0.44399551564529194,0.33758991077345246,True
Lows,2021-03-22,2021-04-03,0.4482000186343572,0.34159965750080656,0.10660036113355065,0.7897996761351638,2021-04-04,0.5549943945566147,0.14683771470316595,True
Lows,2021-03-23,2021-04-04,0.47727115358732275,0.330036138219865,0.14723501536745776,0.8073072918071877,2021-04-05,0.8324915918349234,,False
Lows,2021-03-24,2021-04-05,0.4817099074572074,0.3051986043761874,0.17651130308101998,0.7869085118333947,2021-04-07,0.5272446748287845,0.3531962699203542,True
Lows,2021-03-26,2021-04-07,0.5072032105809064,0.2774654555874054,0.22973775499350108,0.7846686661683118,2021-04-09,0.74924243265143,0.3531962699203542,True
Lows,2021-03-27,2021-04-09,0.5179947682528405,0.2930578147807448,0.22493695347209575,0.8110525830335853,2021-04-11,1.054489349657568,,False
Lows,2021-03-28,2021-04-11,0.5704109055165207,0.3002680825316762,0.27014282298484454,0.8706789880481969,2021-04-13,0.3607463564617994,0.3531962699203542,True
Lows,2021-03-29,2021-04-13,0.5796608120924645,0.3041153747870606,0.2755454373054039,0.8837761868795251,2021-04-14,0.3329966367339696,,True
Lows,2021-03-30,2021-04-14,0.6006998152848068,0.2996682546543846,0.30103156063042213,0.9003680699391914,2021-04-15,0.5179947682528407,0.3155831716307579,True
Lows,2021-03-31,2021-04-15,0.5842046258490684,0.3024979234557752,0.2817067023932932,0.8867025493048436,2021-04-16,0.832491591834922,0.706392539840709,True
Lows,2021-04-03,2021-04-16,0.5855190862572288,0.32832676792934007,0.25719231832788875,0.9138458541865688,2021-04-17,0.402370936053546,0.2984439031072595,True
Lows,2021-04-04,2021-04-17,0.5708513772582325,0.32840611288283306,0.24244526437539948,0.8992574901410656,2021-04-18,1.350486360087763,0.6503940767759617,False
Lows,2021-04-05,2021-04-18,0.6844930866198252,0.4749446477371203,0.2095484388827049,1.1594377343569455,2021-04-19,1.0267396299297382,1.3735410496902662,True
Lows,2021-04-07,2021-04-19,0.7088792039564037,0.5604990208106512,0.14838018314575252,1.2693782247670549,2021-04-20,0.5549943945566156,,True
Lows,2021-04-09,2021-04-20,0.7188498824733299,0.5669305610490302,0.15191932142429976,1.28578044352236,2021-04-21,0.3884960761896308,0.39244029991150486,True
Lows,2021-04-11,2021-04-21,0.6844930866198252,0.5765890515578767,0.10790403506194857,1.2610821381777018,2021-04-22,0.887991031290583,,True
Lows,2021-04-13,2021-04-22,0.6765645952690162,0.5723763091653281,0.10418828610368813,1.2489409044343445,2021-04-23,0.11099887891132276,,True
Lows,2021-04-14,2021-04-23,0.6798681333318533,0.5870402646060808,0.09282786872577242,1.266908397937934,2021-04-25,0.9434904707462461,0.23546417994690363,True
Lows,2021-04-15,2021-04-25,0.7214927129235996,0.5738223363293928,0.1476703765942068,1.2953150492529923,2021-04-26,0.2913720571422229,0.22372539288881643,True
Lows,2021-04-16,2021-04-26,0.6710386770548162,0.5813036502933088,0.08973502676150746,1.2523423273481251,2021-04-27,0.38849607618963056,,True
Lows,2021-04-17,2021-04-27,0.6422077994155116,0.5747800803218307,0.06742771909368095,1.2169878797373423,2021-04-28,0.7492424326514304,0.11773208997345118,True
Lows,2021-04-18,2021-04-28,0.7039665741481276,0.5809214200178932,0.12304515413023442,1.2848879941660207,2021-04-29,2.108978699315137,,False
Lows,2021-04-19,2021-04-29,0.6725226192862512,0.6088779082258281,0.06364471106042313,1.2814005275120794,2021-04-30,0.35149644988585615,0.13967052638019253,True
Lows,2021-04-20,2021-04-30,0.5796608120924647,0.48429038199190383,0.09537043010056084,1.0639511940843684,2021-05-01,0.8879910312905841,0.7063925398407087,True
Lows,2021-04-21,2021-05-01,0.6134148571415219,0.5084836728653506,0.10493118427617132,1.1218985300068725,2021-05-03,0.4717452353731222,0.3531962699203542,True
Lows,2021-04-22,2021-05-03,0.6221779265292579,0.5034461489165298,0.11873177761272802,1.1256240754457876,2021-05-04,0.4217957398630274,0.41457746938058393,True
Lows,2021-04-23,2021-05-04,0.5670594900904546,0.4912866174240516,0.07577287266640303,1.0583461075145062,2021-05-06,0.6659932734679375,0.15697611996460284,True
Lows,2021-04-25,2021-05-06,0.5943064975043751,0.4722004139900099,0.12210608351436525,1.066506911494385,2021-05-08,0.41624579591746125,0.0392440299911504,True
Lows,2021-04-26,2021-05-08,0.5503694412686432,0.45909657035269813,0.09127287091594505,1.0094660116213414,2021-05-09,0.38849607618963056,,True
Lows,2021-04-27,2021-05-09,0.5919940208603892,0.4700554613492949,0.12193855951109434,1.0620494822096842,2021-05-10,0.42179573986302754,0.32739965598678283,True
Lows,2021-04-28,2021-05-10,0.5660942824477472,0.4534341565297363,0.11266012591801089,1.0195284389774835,2021-05-11,0.5966189741483612,0.23709370928609802,True
Lows,2021-04-29,2021-05-11,0.5570499293512691,0.439565877970527,0.11748405138074208,0.9966158073217961,2021-05-14,0.9989899102019075,,False
Lows,2021-04-30,2021-05-14,0.5159392334581866,0.3260997851091889,0.18983944834899769,0.8420390185673755,2021-05-15,0.6659932734679384,,True
Lows,2021-05-01,2021-05-15,0.5416745290872563,0.33233306560489934,0.209341463482357,0.8740075946921557,2021-05-19,0.527244674828784,0.5101723898849552,True
Lows,2021-05-03,2021-05-19,0.5128148205703122,0.29942277632149994,0.2133920442488123,0.8122375968918122,2021-05-20,0.8879910312905839,,False
Lows,2021-05-04,2021-05-20,0.531869628116756,0.3061413485200744,0.22572827959668157,0.8380109766368304,2021-05-21,0.3329966367339683,,True
Lows,2021-05-06,2021-05-21,0.5494444506110489,0.27538602986332283,0.274058420747726,0.8248304804743717,2021-05-23,1.2279250979565106,1.827043879024228,False
Lows,2021-05-08,2021-05-23,0.6622092207777793,0.7857348817783599,-0.1235256610005806,1.4479441025561393,2021-05-24,0.38849607618963056,,True
Lows,2021-05-09,2021-05-24,0.672600349593612,0.8035882243251595,-0.1309878747315475,1.4761885739187717,2021-05-25,1.10998878911323,0.7829159394204684,True
Lows,2021-05-10,2021-05-25,0.7420033753311267,0.8124995156701587,-0.07049614033903195,1.5545028910012855,2021-05-26,0.7769921523792611,,True
Lows,2021-05-11,2021-05-26,0.8281100571410545,0.8641741323791057,-0.03606407523805122,1.6922841895201601,2021-05-27,0.7769921523792611,,True
Lows,2021-05-14,2021-05-27,0.8827879588416156,0.9314551435105831,-0.04866718466896747,1.8142431023521988,2021-05-28,0.11099887891132276,,True
Lows,2021-05-15,2021-05-28,0.827288519385954,0.9503333713845278,-0.12304485199857373,1.7776218907704817,2021-05-29,1.8314815020368291,,False
Lows,2021-05-19,2021-05-29,0.9001315336715099,0.9813083941307632,-0.08117686045925332,1.881439927802273,2021-05-30,0.4994949551009533,0.5494164198761068,True
Lows,2021-05-20,2021-05-30,0.896662818705531,0.984168434308783,-0.08750561560325198,1.880831253014314,2021-06-01,0.9434904707462457,,True
Lows,2021-05-21,2021-06-01,0.9001315336715099,0.9842336349908476,-0.08410210131933771,1.8843651686623575,2021-06-02,0.277497197278306,,True
Lows,2021-05-23,2021-06-02,0.896662818705531,0.9864609043614674,-0.08979808565593639,1.8831237230669984,2021-06-03,0.74924243265143,0.28838354678639566,True
Lows,2021-05-24,2021-06-03,0.7769921523792609,0.5323319225352944,0.24466022984396651,1.3093240749145552,2021-06-04,0.4994949551009533,,True
Lows,2021-05-25,2021-06-04,0.7839295823112185,0.527634000837035,0.2562955814741834,1.3115635831482535,2021-06-10,1.1044388451676637,0.7676196468912589,True
Lows,2021-05-26,2021-06-10,0.8186167319710069,0.5677633664032044,0.2508533655678026,1.3863800983742114,2021-06-11,1.1932379482967215,1.3735410496902662,True
Lows,2021-05-27,2021-06-11,0.860241311562753,0.6503282973495706,0.20991301421318231,1.5105696089123235,2021-06-12,0.7769921523792611,,True
Lows,2021-05-28,2021-06-12,0.860241311562753,0.6503282973495706,0.20991301421318231,1.5105696089123235,2021-06-13,0.38849607618963056,,True
Lows,2021-05-29,2021-06-13,0.8748464272089799,0.6355142521156786,0.2393321750933013,1.5103606793246585,2021-06-14,0.6659932734679381,0.7848805998230101,True
Lows,2021-05-30,2021-06-14,0.806129358093483,0.6053922617454879,0.20073709634799508,1.4115216198389708,2021-06-15,1.3319865469358763,,True
Lows,2021-06-01,2021-06-15,0.8660833578212437,0.6092718298597576,0.2568115279614861,1.4753551876810014,2021-06-21,0.2219977578226464,,False
Lows,2021-06-02,2021-06-21,0.8281100571410542,0.6264217547644713,0.20168830237658297,1.4545318119055255,2021-06-22,0.47174523537312263,0.5101723898849552,True
Lows,2021-06-03,2021-06-22,0.8200042179573988,0.6187021599974304,0.20130205795996836,1.438706377954829,2021-06-24,0.3607463564617994,0.1962201499557526,True
Lows,2021-06-04,2021-06-24,0.7847004078592139,0.661612744983569,0.12308766287564488,1.4463131528427828,2021-06-25,0.5549943945566147,,True
Lows,2021-06-10,2021-06-25,0.7877837100511952,0.6603335072807476,0.1274502027704476,1.4481172173319428,2021-06-26,0.9989899102019071,1.0574063382167838,True
Lows,2021-06-11,2021-06-26,0.7284301428555571,0.676660855585012,0.051769287270545084,1.405090998440569,2021-06-27,0.38849607618963056,,True
Lows,2021-06-12,2021-06-27,0.6437934976856734,0.5705539813655512,0.07323951632012216,1.2143474790512245,2021-06-29,0.3329966367339692,,True
Lows,2021-06-13,2021-06-29,0.6141937966426539,0.5746524733490703,0.03954132329358362,1.1888462699917244,2021-06-30,0.5734942077085018,0.6311663432615168,True
Lows,2021-06-14,2021-06-30,0.6202878527397461,0.579509328455142,0.040778524284604045,1.1997971811948882,2021-07-01,0.22199775782264553,,True
Lows,2021-06-15,2021-07-01,0.5896815442164034,0.5713567783842434,0.018324765832160028,1.1610383226006467,2021-07-02,1.387485986391538,0.3924402999115039,False
Lows,2021-06-21,2021-07-02,0.6398758901946854,0.5984288815654164,0.04144700862926898,1.238304771760102,2021-07-03,0.8324915918349225,,True
Lows,2021-06-22,2021-07-03,0.6757872921954077,0.590043907591715,0.08574338460369268,1.2658311997871228,2021-07-08,0.16649831836698414,,True
Lows,2021-06-24,2021-07-08,0.6694619884339168,0.6047380658462829,0.06472392258763393,1.2742000542801997,2021-07-09,0.38849607618962967,0.470928359893806,True
Lows,2021-06-25,2021-07-09,0.6729307033998956,0.61296947124951,0.059961232150385624,1.2859001746494054,2021-07-11,0.7769921523792611,,True
Lows,2021-06-26,2021-07-11,0.6868055632638109,0.6126343778959177,0.07417118536789324,1.2994399411597286,2021-07-12,0.5411195346926996,0.318417201830344,True
Lows,2021-06-27,2021-07-12,0.5974351423756501,0.4578827415274808,0.13955240084816928,1.055317883903131,2021-07-13,0.2219977578226464,0.0784880599823008,True
Lows,2021-06-29,2021-07-13,0.5673276033245397,0.45906558746460524,0.10826201585993445,1.026393190789145,2021-07-14,1.1654882285688917,,False
Lows,2021-06-30,2021-07-14,0.6135771362042576,0.475702787558303,0.1378743486459546,1.0892799237625606,2021-07-17,0.05549943945566138,,False
Lows,2021-07-01,2021-07-17,0.5862128292504245,0.47222109350226776,0.11399173574815674,1.0584339227526922,2021-07-18,0.3884960761896303,0.055499439455661825,True
Lows,2021-07-02,2021-07-18,0.5734942077085021,0.44276957078636653,0.1307246369221356,1.0162637784948687,2021-07-19,0.351496449885856,0.08477679411106244,True
Lows,2021-07-03,2021-07-19,0.45275858503302796,0.3108096111879559,0.14194897384507205,0.7635681962209839,2021-07-20,0.277497197278306,,True
Lows,2021-07-08,2021-07-20,0.4235483537405744,0.29899414173696515,0.12455421200360928,0.7225424954775396,2021-07-22,0.44399551564529105,,True
Lows,2021-07-09,2021-07-22,0.43815346938680105,0.29244614217940285,0.1457073272073982,0.7305996115662039,2021-07-23,0.2774971972783078,,True
Lows,2021-07-11,2021-07-23,0.4347456090693483,0.28058149601092114,0.15416411305842714,0.7153271050802694,2021-07-25,2.885970851694398,,False
Lows,2021-07-12,2021-07-25,0.5519110923646336,0.640891592901147,-0.0889805005365133,1.1928026852657805,2021-07-26,0.2219977578226464,,True
Lows,2021-07-13,2021-07-26,0.5327946187743503,0.6959752364340287,-0.1631806176596784,1.228769855208379,2021-07-27,0.16649831836698414,1.2560739669470201e-15,True
Lows,2021-07-14,2021-07-27,0.5253946935135952,0.6994649097229995,-0.17407021620940422,1.2248596032365948,2021-07-28,0.16649831836698503,,True
Lows,2021-07-17,2021-07-28,0.4587953661668015,0.6814936881324603,-0.22269832196565875,1.1402890542992616,2021-07-30,0.33299663673396895,0.2354641799469033,True
Lows,2021-07-18,2021-07-30,0.46827652040714374,0.6544758308305356,-0.18619931042339188,1.1227523512376794,2021-07-31,1.9424803809481528,,False
Lows,2021-07-19,2021-07-31,0.5906726056352544,0.8020823793604637,-0.2114097737252093,1.392754984995718,2021-08-01,0.11099887891132276,,True
Lows,2021-07-20,2021-08-01,0.6104938340122764,0.874006046554241,-0.26351221254196455,1.4844998805665175,2021-08-02,0.5364945814047278,0.2310625922085593,True
Lows,2021-07-22,2021-08-02,0.6184223253630854,0.8045157626708076,-0.1860934373077222,1.4229380880338929,2021-08-03,0.44399551564529194,0.23546417994690236,True
Lows,2021-07-23,2021-08-03,0.6067938713818991,0.7791035479901515,-0.17230967660825236,1.3858974193720506,2021-08-04,0.527244674828784,,True
Lows,2021-07-25,2021-08-04,0.6234437032185977,0.7742169435936774,-0.15077324037507978,1.397660646812275,2021-08-06,0.7769921523792611,,True
Lows,2021-07-26,2021-08-06,0.4828451232642551,0.46289422417448983,0.019950899089765273,0.945739347438745,2021-08-07,1.0956000455506516,0.44503633763332606,False
Lows,2021-07-27,2021-08-07,0.6063223075172433,0.5120474552738383,0.09427485224340493,1.1183697627910816,2021-08-09,0.38849607618963056,0.4709283598938047,True
Lows,2021-07-28,2021-08-09,0.6324396907904957,0.5070296658962532,0.12541002489424247,1.1394693566867489,2021-08-11,0.8324915918349225,,True
Lows,2021-07-30,2021-08-11,0.6716157657003744,0.49434892230757577,0.17726684339279863,1.1659646880079502,2021-08-12,0.11099887891132276,,False
Lows,2021-07-31,2021-08-12,0.6789046013968594,0.5124298821942807,0.16647471920257872,1.19133448359114,2021-08-14,0.74924243265143,,True
Lows,2021-08-01,2021-08-14,0.6043272296283142,0.3879949202625504,0.2163323093657638,0.9923221498908645,2021-08-15,0.2774971972783078,,True
Lows,2021-08-02,2021-08-15,0.6147333745262507,0.37592670163581204,0.2388066728904386,0.9906600761620628,2021-08-18,0.20349794467075868,0.21011748660799545,False
Lows,2021-08-03,2021-08-18,0.5522965051386315,0.4105230936157338,0.14177341152289769,0.9628195987543653,2021-08-19,1.2764871074802144,,False
Lows,2021-08-04,2021-08-19,0.6150160105605156,0.4562645340388251,0.15875147652169047,1.0712805445993407,2021-08-27,0.5827441142844458,0.5886604498672565,True
Lows,2021-08-06,2021-08-27,0.6164677320092402,0.4658575675619453,0.15061016444729491,1.0823252995711856,2021-08-30,0.5549943945566151,0.07848805998230142,True
Lows,2021-08-07,2021-08-30,0.5997929616989301,0.4499008579591065,0.14989210373982365,1.0496938196580365,2021-09-05,0.38849607618963056,,True
Lows,2021-08-09,2021-09-05,0.48654508589463247,0.37390353877034116,0.11264154712429131,0.8604486246649736,2021-09-07,1.0359895365056815,0.638444606998753,False
Lows,2021-08-11,2021-09-07,0.6018220465973294,0.4636466653347887,0.1381753812625407,1.0654687119321182,2021-09-10,0.31912177687005383,0.27330304363910063,True
Lows,2021-08-12,2021-09-10,0.5301656979580297,0.4483003973241349,0.0818653006338948,0.9784660952821647,2021-09-11,0.7029928997717126,0.7972110209460522,True
Lows,2021-08-14,2021-09-11,0.5748156229336371,0.487885756465431,0.08692986646820611,1.062701379399068,2021-09-13,0.3329966367339683,,True
Lows,2021-08-15,2021-09-13,0.554994394556615,0.48889934722769723,0.0660950473289178,1.0438937417843124,2021-09-14,0.05549943945566138,,False
Lows,2021-08-18,2021-09-14,0.5444230727555366,0.4975236245813005,0.04689944817423608,1.041946697336837,2021-09-15,0.30524691700613804,0.19622014995575135,True
Lows,2021-08-19,2021-09-15,0.5716442263933135,0.4947992461166159,0.07684498027669756,1.0664434725099294,2021-09-18,0.44399551564529216,0.6327909697412268,True
Lows,2021-08-27,2021-09-18,0.5187991079550968,0.49346254142042945,0.025336566534667315,1.0122616493755263,2021-09-20,0.30524691700613804,0.11773208997345182,True
Lows,2021-08-30,2021-09-20,0.4946689168874179,0.4811961848593911,0.01347273202802679,0.975865101746809,2021-09-21,0.30524691700613804,0.3531962699203542,True
Lows,2021-09-05,2021-09-21,0.47295174492650677,0.48926278384234173,-0.016311038915834963,0.9622145287688485,2021-09-22,0.2774971972783078,0.07848805998230204,True
Lows,2021-09-07,2021-09-22,0.46018285215319327,0.4817466897698344,-0.021563837616641157,0.9419295419230277,2021-09-25,0.39959596408076303,0.3540672854721689,True
Lows,2021-09-10,2021-09-25,0.3820922947139774,0.39442164987016176,-0.012329355156184385,0.7765139445841391,2021-09-26,0.9249906575943582,0.21011748660799565,False
Lows,2021-09-11,2021-09-26,0.45731538111465075,0.4320647104852385,0.025250670629412275,0.8893800915998893,2021-09-27,0.25529742149604273,0.049640207734397306,True
Lows,2021-09-13,2021-09-27,0.3926071457789387,0.34691023335990284,0.04569691241903584,0.7395173791388415,2021-09-28,0.2219977578226464,0.23546417994690236,True
Lows,2021-09-14,2021-09-28,0.38254970767652396,0.3462116295792233,0.03633807809730066,0.7287613372557473,2021-09-30,0.5827441142844456,0.27470820993805306,True
Lows,2021-09-15,2021-09-30,0.40763381393296205,0.34156668772801896,0.0660671262049431,0.7492005016609811,2021-10-01,0.2774971972783078,,True
Lows,2021-09-18,2021-10-01,0.4102994274043547,0.3455519763224654,0.06474745108188928,0.7558514037268201,2021-10-02,0.44399551564529105,,True
Lows,2021-09-20,2021-10-02,0.4062558968154421,0.2900343570490708,0.11622153976637128,0.6962902538645129,2021-10-04,0.9804900970500191,0.5776564805213984,False
Lows,2021-09-21,2021-10-04,0.48028361067399367,0.374098271136114,0.10618533953787967,0.8543818818101077,2021-10-05,0.9712401904740762,0.35319626992035386,False
Lows,2021-09-22,2021-10-05,0.5315138624792196,0.3924946340378517,0.13901922844136794,0.9240084965170713,2021-10-06,0.3607463564617994,0.1962201499557526,True
Lows,2021-09-25,2021-10-06,0.5379176439548728,0.3904792361382561,0.14743840781661677,0.9283968800931289,2021-10-07,0.38849607618963056,,True
Lows,2021-09-26,2021-10-07,0.5625624999369323,0.39180270355228897,0.17075979638464334,0.9543652034892213,2021-10-11,0.44399551564529194,0.22657551279476484,True
Lows,2021-09-27,2021-10-11,0.49466891688741754,0.35964362561427055,0.135025291273147,0.8543125425016881,2021-10-13,0.24049757097453264,0.08477679411106263,True
Lows,2021-09-28,2021-10-13,0.5153519378025708,0.3707025460740475,0.1446493917285233,0.8860544838766183,2021-10-14,0.1387485986391539,0.11773208997345182,False
Lows,2021-09-30,2021-10-14,0.5074234464517621,0.37530332653233067,0.1321201199194314,0.8827267729840927,2021-10-16,0.0018499813151899858,,False
Lows,2021-10-01,2021-10-16,0.4746127064116651,0.39498929811767625,0.07962340829398884,0.8696020045293413,2021-10-18,1.151613368704976,0.8964777343788227,False
Lows,2021-10-02,2021-10-18,0.6009221915554304,0.5560760426995767,0.044846148855853696,1.1569982342550071,2021-10-20,0.7214927129235994,0.9681961652203163,True
Lows,2021-10-04,2021-10-20,0.6354366855377517,0.6673471958888295,-0.031910510351077837,1.3027838814265813,2021-10-22,0.40699588934151737,0.27377223375899046,True
Lows,2021-10-05,2021-10-22,0.5761096985334241,0.6450274429534373,-0.0689177444200132,1.2211371414868615,2021-10-23,0.38849607618963056,,True
Lows,2021-10-06,2021-10-23,0.5411856054539562,0.6444559845234475,-0.10327037906949132,1.1856415899774038,2021-10-24,0.8602413115627536,0.510172389884957,True
Lows,2021-10-07,2021-10-24,0.5768638165325959,0.6537170846043202,-0.07685326807172432,1.230580901136916,2021-10-25,0.6474934603160509,0.1949076258607549,True
Lows,2021-10-11,2021-10-25,0.5902057055890402,0.6321409636625683,-0.04193525807352816,1.2223466692516085,2021-10-26,0.3329966367339683,,True
Lows,2021-10-13,2021-10-26,0.6023402126601485,0.6624873156617329,-0.060147103001584434,1.2648275283218813,2021-10-27,0.8324915918349229,0.7848805998230097,True
Lows,2021-10-14,2021-10-27,0.6617952389450098,0.6821738926051358,-0.020378653660126034,1.3439691315501456,2021-10-28,0.9434904707462461,,True
Lows,2021-10-16,2021-10-28,0.7149067794415277,0.6795171503597487,0.035389629081779006,1.3944239298012764,2021-10-29,0.1664983183669846,0.07848805998230142,True
Lows,2021-10-18,2021-10-29,0.7001467746714221,0.6685924061935956,0.031554368477826444,1.3687391808650178,2021-10-31,0.5549943945566156,,True
Lows,2021-10-20,2021-10-31,0.6153198722258123,0.595615043059642,0.019704829166170335,1.2109349152854543,2021-11-01,0.4994949551009533,,True
Lows,2021-10-22,2021-11-01,0.5647884132840848,0.3598033914705684,0.2049850218135164,0.9245918047546532,2021-11-03,0.16649831836698503,,False
Lows,2021-10-23,2021-11-03,0.5697942450781249,0.3784363410193994,0.19135790405872555,0.9482305860975243,2021-11-04,0.2774971972783078,0.23546417994690363,True
Lows,2021-10-24,2021-11-04,0.5445882496586787,0.38194946488398857,0.16263878477469013,0.9265377145426672,2021-11-05,0.16649831836698503,,True
Lows,2021-10-25,2021-11-05,0.47729517931868914,0.3589426898052837,0.11835248951340543,0.8362378691239729,2021-11-06,1.1099887891132303,0.8621786266279682,False
Lows,2021-10-26,2021-11-06,0.603556404080319,0.5897495543134195,0.013806849766899498,1.1933059583937384,2021-11-08,0.1387485986391539,0.11773208997345055,True
Lows,2021-10-27,2021-11-08,0.564788413284085,0.5897175505389113,-0.02492913725482626,1.1545059638229964,2021-11-09,0.44399551564529194,0.3039829491875796,True
Lows,2021-10-28,2021-11-09,0.5111790476179351,0.5315530897516609,-0.020374042133725845,1.0427321373695961,2021-11-10,0.6104938340122765,0.235464179946903,True
Lows,2021-10-29,2021-11-10,0.49949495510095365,0.5115211101651269,-0.01202615506417326,1.0110160652660807,2021-11-11,0.4902450485250098,0.22315100068846716,True
Lows,2021-10-31,2021-11-11,0.5249321981847984,0.46520005566324585,0.05973214252155257,0.9901322538480443,2021-11-12,0.7399925260754866,0.5934375587774376,True
Lows,2021-11-01,2021-11-12,0.5485906130809617,0.4818749940078125,0.06671561907314921,1.030465607088774,2021-11-13,0.47174523537312263,0.19622014995575196,True
Lows,2021-11-03,2021-11-13,0.5447167205833443,0.4744464362996658,0.07027028428367849,1.0191631568830102,2021-11-14,0.5549943945566151,0.7063925398407077,True
Lows,2021-11-04,2021-11-14,0.5589586402320196,0.47931502676671095,0.07964361346530863,1.0382736669987305,2021-11-15,0.19424803809481528,0.03924402999115102,True
Lows,2021-11-05,2021-11-15,0.5530122717189128,0.4813465439190324,0.07166572779988034,1.0343588156379453,2021-11-16,0.12949869206320988,0.03204261630959944,True
Lows,2021-11-06,2021-11-16,0.5235447121984066,0.4777985775723705,0.045746134626036106,1.001343289770777,2021-11-17,0.8324915918349225,,True
Lows,2021-11-08,2021-11-17,0.4481065852346002,0.3372127806103684,0.11089380462423176,0.7853193658449686,2021-11-19,0.4994949551009533,,True
Lows,2021-11-09,2021-11-19,0.4738798291983404,0.33085515705056434,0.14302467214777603,0.8047349862489047,2021-11-21,0.3699962630377433,0.2242983141671963,True
Lows,2021-11-10,2021-11-21,0.46619529142755645,0.32833911173700003,0.1378561796905564,0.7945344031645565,2021-11-22,1.4429854258471988,1.4683771470316627,False
Lows,2021-11-11,2021-11-22,0.5678019575079214,0.6130731841744436,-0.04527122666652217,1.1808751416823648,2021-11-25,0.3329966367339692,0.3139522399292044,True
Lows,2021-11-12,2021-11-25,0.5676079035238109,0.6661984616481204,-0.0985905581243095,1.2338063651719313,2021-11-27,0.2774971972783072,0.3845113957151945,True
Lows,2021-11-13,2021-11-27,0.5045403586878318,0.6541962683354617,-0.14965590964762998,1.1587366270232935,2021-11-28,1.83148150203683,,False
Lows,2021-11-14,2021-11-28,0.5708513772582325,0.7285330172051718,-0.1576816399469393,1.2993843944634045,2021-11-29,0.33299663673397006,,True
Lows,2021-11-15,2021-11-29,0.5605443385021811,0.7316227102043896,-0.17107837170220852,1.2921670487065708,2021-11-30,0.2663973093871753,0.1489206232031915,True
Lows,2021-11-16,2021-11-30,0.5284511843821683,0.6874825755699562,-0.15903139118778786,1.2159337599521245,2021-12-01,1.3874859863915372,,False
Lows,2021-11-17,2021-12-01,0.6263508167138943,0.7230158151315572,-0.09666499841766296,1.3493666318454514,2021-12-02,0.3329966367339689,0.27749719727830735,True
Lows,2021-11-19,2021-12-02,0.579124585624294,0.6997865091453985,-0.1206619235211045,1.2789110947696924,2021-12-03,0.3468714965978843,0.08324915918349211,True
Lows,2021-11-21,2021-12-03,0.5464560192557439,0.6625977285613078,-0.11614170930556389,1.2090537478170518,2021-12-04,0.1942480380948155,0.03924402999115008,True
Lows,2021-11-22,2021-12-04,0.5394545515090298,0.6779342288436101,-0.13847967733458033,1.21738878035264,2021-12-05,0.7769921523792611,,True
Lows,2021-11-25,2021-12-05,0.4319304201114526,0.42955683566601804,0.0023735844454345623,0.8614872557774707,2021-12-06,0.05549943945566138,,True
Lows,2021-11-27,2021-12-06,0.4238139012977788,0.44086110680871154,-0.01704720551093275,0.8646750081064903,2021-12-07,0.36074635646179987,0.4316843299026556,True
Lows,2021-11-28,2021-12-07,0.4387098547447528,0.44222459101848816,-0.0035147362737353305,0.880934445763241,2021-12-08,0.5549943945566156,,True
Lows,2021-11-29,2021-12-08,0.3779247543885522,0.3088178762471801,0.06910687814137212,0.6867426306357323,2021-12-09,0.3329966367339692,,True
Lows,2021-11-30,2021-12-09,0.37792475438855216,0.30881787624718005,0.06910687814137212,0.6867426306357323,2021-12-10,0.05549943945566138,,False
Lows,2021-12-01,2021-12-10,0.3917607490987871,0.3406952490642109,0.05106550003457622,0.732455998162998,2021-12-11,0.04032693082749539,,False
Lows,2021-12-02,2021-12-11,0.3125160987714905,0.23484754042628478,0.07766855834520572,0.5473636391977753,2021-12-12,1.3559431395066655,1.4365334129119216,False
Lows,2021-12-03,2021-12-12,0.5409753514966719,0.7796509582307135,-0.23867560673404165,1.3206263097273854,2021-12-13,0.2774971972783078,,True
Lows,2021-12-04,2021-12-13,0.5751711691884577,0.8541465840435956,-0.2789754148551379,1.4293177532320533,2021-12-14,1.6094837442141836,1.726737319610621,False
Lows,2021-12-05,2021-12-14,0.7638692633377068,1.018027037130009,-0.2541577737923023,1.7818963004677157,2021-12-15,0.6104938340122765,,True
Lows,2021-12-06,2021-12-15,0.7527693754465743,1.018781147675422,-0.26601177222884775,1.7715505231219963,2021-12-16,0.4994949551009536,0.1109988789113232,True
Lows,2021-12-07,2021-12-16,0.7490897680909303,0.9441093732638828,-0.19501960517295247,1.693199141354813,2021-12-17,0.4254957024934043,0.3298989262731944,True
Lows,2021-12-08,2021-12-17,0.7218429555050438,0.8976746058029658,-0.17583165029792192,1.6195175613080095,2021-12-19,0.49949495510095376,0.1569761199646022,True
Lows,2021-12-09,2021-12-19,0.7079505835120563,0.8764934601727776,-0.16854287666072132,1.584444043684834,2021-12-20,0.9712401904740764,0.8471621761593139,True
Lows,2021-12-10,2021-12-20,0.7700424258871069,0.873801705839216,-0.1037592799521091,1.6438441317263228,2021-12-21,0.9434904707462453,,True
Lows,2021-12-11,2021-12-21,0.8086507315953932,0.8603085065151265,-0.051657774919733224,1.6689592381105198,2022-01-12,1.0267396299297378,0.7456365698318593,True
Lows,2021-12-12,2022-01-12,0.8588382981552511,0.8414067656871642,0.01743153246808693,1.7002450638424154,2022-01-13,0.5734942077085021,0.30566707813688915,True
Lows,2021-12-13,2022-01-13,0.7351664878619509,0.6460796215518901,0.0890868663100608,1.381246109413841,2022-01-14,1.054489349657569,,True
Lows,2021-12-14,2022-01-14,0.7689487553567014,0.6413576741516585,0.12759108120504292,1.4103064295083598,2022-01-15,0.2774971972783087,0.0784880599823008,True
Lows,2021-12-15,2022-01-15,0.6531238382318426,0.4688238635594675,0.18429997467237513,1.12194770179131,2022-01-17,0.1109988789113232,0.07848805998230016,False
Lows,2021-12-16,2022-01-17,0.6097230084642813,0.4837553623426171,0.12596764612166417,1.0934783708068985,2022-01-18,0.4439955156452928,0.23546417994690363,True
Lows,2021-12-17,2022-01-18,0.6096894943100206,0.49688690629133986,0.11280258801868076,1.1065764006013605,2022-01-19,1.581734024486353,0.11773208997345244,False
Lows,2021-12-19,2022-01-19,0.7373496956252173,0.5714402045281635,0.16590949109705388,1.3087899001533807,2022-01-21,0.1664983183669846,0.1569761199646022,True
Mediums,2020-06-28,2020-07-11,0.6336186004521357,0.5713821702392504,0.062236430212885274,1.2050007706913861,2020-07-12,0.6104938340122764,0.6976171365606185,True
Mediums,2020-06-29,2020-07-12,0.6659932734679381,0.598391033867085,0.0676022396008531,1.2643843073350232,2020-07-14,0.11099887891132276,,True
Mediums,2020-06-30,2020-07-14,0.6775556566878675,0.6070795531676381,0.07047610352022948,1.2846352098555056,2020-07-15,0.360746356461799,0.11773208997345118,True
Mediums,2020-07-01,2020-07-15,0.5966189741483612,0.5775212273841057,0.019097746764255463,1.174140201532467,2020-07-16,0.6243686938761921,0.09811007497787567,True
Mediums,2020-07-03,2020-07-16,0.5977752124703541,0.572103169806781,0.025672042663573147,1.169878382277135,2020-07-17,0.19424803809481572,0.19622014995575196,True
Mediums,2020-07-05,2020-07-17,0.5677130160985375,0.5699925044789457,-0.0022794883804081456,1.1377055205774833,2020-07-18,0.8602413115627539,0.8862549767829925,True
Mediums,2020-07-06,2020-07-18,0.6478492259535873,0.6190584863414919,0.02879073961209544,1.2669077122950791,2020-07-19,0.9434904707462453,,True
Mediums,2020-07-07,2020-07-19,0.6671495117899311,0.59934027452393,0.06780923726600108,1.266489786313861,2020-07-21,0.9989899102019066,1.0988328397522136,True
Mediums,2020-07-10,2020-07-21,0.6763994183658747,0.6423905718396477,0.03400884652622704,1.3187899902055222,2020-07-22,0.3995959640807626,0.2920979313569779,True
Mediums,2020-07-11,2020-07-22,0.5944843803231433,0.5697915883804822,0.024692791942661163,1.1642759687036255,2020-07-25,0.8324915918349216,0.3924402999115052,True
Mediums,2020-07-12,2020-07-25,0.5982839573320309,0.5508208692176837,0.047463088114347185,1.1491048265497146,2020-07-28,0.6659932734679379,,True
Mediums,2020-07-14,2020-07-28,0.5991416759418002,0.5266990716519246,0.07244260428987559,1.1258407475937249,2020-07-30,0.2774971972783078,,True
Mediums,2020-07-15,2020-07-30,0.6067097813221177,0.5205108231435873,0.0861989581785304,1.127220604465705,2020-08-01,0.8694912181386968,0.3777768748018141,True
Mediums,2020-07-16,2020-08-01,0.6623737448077861,0.5211888951417225,0.1411848496660636,1.1835626399495087,2020-08-02,0.33299663673396873,6.280369834735101e-16,True
Mediums,2020-07-17,2020-08-02,0.6370370441867232,0.529396414801291,0.10764062938543228,1.1664334589880143,2020-08-03,0.6798681333318535,0.6333991303522732,True
Mediums,2020-07-18,2020-08-03,0.6793131389372966,0.5362425419883964,0.14307059694890023,1.2155556809256929,2020-08-04,0.0029909877550965782,1.0255801146869017e-15,False
Mediums,2020-07-19,2020-08-04,0.5646181746019455,0.487699942774238,0.07691823182770752,1.0523181173761835,2020-08-05,0.002990987755094743,7.9441093495795e-16,False
Mediums,2020-07-21,2020-08-05,0.4507964520884258,0.49221377800562166,-0.04141732591719588,0.9430102300940475,2020-08-06,0.002990987755095631,7.9441093495795e-16,True
Mediums,2020-07-22,2020-08-06,0.34320244441443815,0.42334860448384876,-0.08014616006941061,0.766551048898287,2020-08-07,0.002990987755095542,1.1466334093198022e-15,True
Mediums,2020-07-25,2020-08-07,0.2884419969154719,0.43121917856473335,-0.14277718164926145,0.7196611754802053,2020-08-08,0.002990987755095479,1.3427995600302618e-15,True
Mediums,2020-07-28,2020-08-08,0.20026324680228513,0.38135955852449777,-0.18109631172221263,0.5816228053267829,2020-08-09,0.0029909877550959862,,True
Mediums,2020-07-30,2020-08-09,0.18132032435334677,0.37393954070229446,-0.19261921634894769,0.5552598650556413,2020-08-10,0.002990987755095542,8.881784197001252e-16,True
Mediums,2020-08-01,2020-08-10,0.16001784489761084,0.36223621185875804,-0.2022183669611472,0.5222540567563689,2020-08-11,0.19574353197236372,0.27259326221397845,True
Mediums,2020-08-02,2020-08-11,0.10442409501723916,0.28973046389546264,-0.1853063688782235,0.3941545589127018,2020-08-12,0.6382435537401077,0.5101723898849564,False
Mediums,2020-08-03,2020-08-12,0.12092392836892235,0.32221512559214555,-0.2012911972232232,0.4431390539610679,2020-08-13,0.8879910312905839,,False
Mediums,2020-08-04,2020-08-13,0.07772658375333226,0.23415242680755025,-0.15642584305421797,0.3118790105608825,2020-08-16,0.055499439455661825,6.280369834735101e-16,True
Mediums,2020-08-05,2020-08-16,0.08317362918967669,0.2366798728150306,-0.15350624362535392,0.3198535020047073,2020-08-17,0.05549943945566138,,True
Mediums,2020-08-06,2020-08-17,0.09604394013584547,0.2504546914322793,-0.1544107512964338,0.34649863156812477,2020-08-18,0.41624579591746125,0.3531962699203548,False
Mediums,2020-08-07,2020-08-18,0.13856965065380628,0.28255009705923234,-0.14398044640542607,0.4211197477130386,2020-08-19,0.610493834012277,,False
Mediums,2020-08-08,2020-08-19,0.18266699130395034,0.30898108487295856,-0.12631409356900822,0.49164807617690887,2020-08-20,0.11099887891132365,,True
Mediums,2020-08-09,2020-08-20,0.25243545674214785,0.3351051172109692,-0.08266966046882135,0.587540573953117,2020-08-21,0.19424803809481572,0.0392440299911504,True
Mediums,2020-08-10,2020-08-21,0.25982821405839157,0.32009487416754945,-0.06026666010915788,0.579923088225941,2020-08-23,0.47174523537312285,0.1962201499557523,True
Mediums,2020-08-11,2020-08-23,0.350527148298557,0.31354640156748,0.03698074673107704,0.6640735498660371,2020-08-24,0.5549943945566147,,True
Mediums,2020-08-12,2020-08-24,0.38479611355925325,0.3135782645255539,0.07121784903369938,0.6983743780848071,2020-08-25,0.32506814538315965,,True
Mediums,2020-08-13,2020-08-25,0.34432305294941024,0.27295054268567864,0.07137251026373159,0.6172735956350889,2020-08-26,0.8324915918349225,0.5086607646663749,False
Mediums,2020-08-16,2020-08-26,0.4018754053441205,0.3514116157199775,0.050463789624142996,0.753287021064098,2020-08-27,0.027749719727831135,,False
Mediums,2020-08-17,2020-08-27,0.42311715508816233,0.35310875349312737,0.07000840159503496,0.7762259085812897,2020-08-28,0.6937429931957682,0.9026126897964616,True
Mediums,2020-08-18,2020-08-28,0.4799214920786443,0.4098794077393467,0.0700420843392976,0.889800899817991,2020-08-30,1.054489349657569,,False
Mediums,2020-08-19,2020-08-30,0.5267161087387304,0.43788797657618994,0.08882813216254049,0.9646040853149204,2020-08-31,1.220987668024554,,False
Mediums,2020-08-20,2020-08-31,0.5674156976728821,0.4731799539219335,0.09423574375094862,1.0405956515948156,2020-09-02,0.4994949551009532,0.22657551279476482,True
Mediums,2020-08-21,2020-09-02,0.5776786892547623,0.42681031927064084,0.15086836998412145,1.004489008525403,2020-09-03,1.868481128340604,0.8181854786640173,False
Mediums,2020-08-23,2020-09-03,0.8218507218641001,0.6669103605017715,0.15494036136232858,1.4887610823658717,2020-09-05,1.5539843047585222,,False
Mediums,2020-08-24,2020-09-05,0.9014254194127879,0.692150989511702,0.2092744299010859,1.59357640892449,2020-09-10,0.6104938340122767,0.4508795775735622,True
Mediums,2020-08-25,2020-09-10,0.8625065948058415,0.6686127493056213,0.19389384550022015,1.5311193441114628,2020-09-12,0.3218967488428368,0.14365673713850188,True
Mediums,2020-08-26,2020-09-12,0.7758821635901478,0.6457640610786302,0.13011810251151767,1.421646224668778,2020-09-13,0.16649831836698414,,True
Mediums,2020-08-27,2020-09-13,0.7420033753311265,0.6683131349924997,0.07369024033862681,1.4103165103236261,2020-09-14,0.11099887891132276,,True
Mediums,2020-08-28,2020-09-14,0.7456229039912784,0.6644834250658316,0.08113947892544682,1.4101063290571099,2020-09-16,0.3884960761896303,0.30900780115827436,True
Mediums,2020-08-30,2020-09-16,0.7053053764156982,0.6402556029360758,0.06504977347962249,1.345560979351774,2020-09-17,1.3597362666637065,1.3735410496902662,False
Mediums,2020-08-31,2020-09-17,0.7436924887058641,0.7074818119446983,0.03621067676116585,1.4511743006505624,2020-09-18,0.41624579591746125,0.0392440299911504,True
Mediums,2020-09-02,2020-09-18,0.7001467746714218,0.6914217948843236,0.008724979787098186,1.3915685695557456,2020-09-19,0.8324915918349225,0.7511926525707842,True
Mediums,2020-09-03,2020-09-19,0.7571709240022392,0.7321212779115498,0.02504964609068938,1.489292201913789,2020-09-20,0.7769921523792611,,True
Mediums,2020-09-05,2020-09-20,0.6297051784392363,0.6002037541410007,0.029501424298235657,1.229908932580237,2020-09-21,1.2764871074802144,0.941856719787612,False
Mediums,2020-09-10,2020-09-21,0.6433823907267425,0.616145549150286,0.02723684157645656,1.2595279398770285,2020-09-22,1.2764871074802144,,False
Mediums,2020-09-12,2020-09-22,0.6752431800438815,0.6471601480778805,0.028083031966001037,1.322403328121762,2020-09-23,0.3884960761896303,0.1664983183669837,True
Mediums,2020-09-13,2020-09-23,0.7164473093367211,0.6615537375523022,0.05489357178441889,1.3780010468890231,2020-09-25,1.720482623125506,0.235464179946903,False
Mediums,2020-09-14,2020-09-25,0.8276655536213866,0.6965954597598428,0.13107009386154378,1.5242610133812295,2020-09-26,1.2764871074802144,,True
Mediums,2020-09-16,2020-09-26,0.8783389548635122,0.6843764770742256,0.19396247778928666,1.5627154319377379,2020-09-27,0.4809951419490665,0.4165540120247931,True
Mediums,2020-09-17,2020-09-27,0.8904040503973519,0.6812651522630612,0.20913889813429076,1.571669202660413,2020-09-30,0.2774971972783078,0.0784880599823008,True
Mediums,2020-09-18,2020-09-30,0.7962963052334042,0.6192849224991469,0.17701138273425732,1.415581227732551,2020-10-01,0.05549943945566138,,False
Mediums,2020-09-19,2020-10-01,0.7971737667267743,0.6434893760808669,0.15368439064590744,1.440663142807641,2020-10-04,0.11099887891132276,,False
Mediums,2020-09-20,2020-10-04,0.7443454232876954,0.6270020844051123,0.11734333888258308,1.3713475076928077,2020-10-05,0.38849607618963056,,True
Mediums,2020-09-21,2020-10-05,0.7214927129235994,0.6327909697412271,0.08870174318237234,1.3542836826648266,2020-10-06,0.05549943945566138,,False
Mediums,2020-09-22,2020-10-06,0.6104938340122764,0.5859507355845134,0.024543098427763033,1.1964445695967898,2020-10-08,0.8602413115627532,1.059588809761062,True
Mediums,2020-09-23,2020-10-08,0.6006998152848068,0.6099371018230221,-0.009237286538215317,1.2106369171078288,2020-10-09,0.8879910312905839,,True
Mediums,2020-09-25,2020-10-09,0.6622933108375606,0.6429545358602773,0.019338774977283313,1.3052478466978379,2020-10-10,1.220987668024553,0.1569761199646003,True
Mediums,2020-09-26,2020-10-10,0.5956939834907667,0.5395026206043834,0.05619136288638338,1.13519660409515,2020-10-11,1.2764871074802144,,False
Mediums,2020-09-27,2020-10-11,0.5956939834907667,0.5395026206043834,0.05619136288638338,1.13519660409515,2020-10-12,2.2199775782264606,,False
Mediums,2020-09-30,2020-10-12,0.7471078388262125,0.7087923001965197,0.038315538629692725,1.4559001390227322,2020-10-13,1.6094837442141836,,False
Mediums,2020-10-01,2020-10-13,0.8972409378665276,0.7419031084747191,0.1553378293918085,1.6391440463412468,2020-10-14,0.7214927129235988,,True
Mediums,2020-10-04,2020-10-14,0.952740377322189,0.6967469138186448,0.2559934635035441,1.6494872911408338,2020-10-15,0.2219977578226464,,False
Mediums,2020-10-05,2020-10-15,0.9619902838981327,0.6851972627459513,0.2767930211521814,1.647187546644084,2020-10-16,0.44399551564529194,,True
Mediums,2020-10-06,2020-10-16,0.9666152371861042,0.6811497278310272,0.285465509355077,1.6477649650171315,2020-10-17,0.8879910312905841,0.5494164198761065,True
Mediums,2020-10-08,2020-10-17,1.02460503610452,0.615358146929238,0.40924688917528207,1.639963183033758,2020-10-18,0.11099887891132276,,False
Mediums,2020-10-09,2020-10-18,0.9758651437620481,0.6159543784345434,0.35991076532750477,1.5918195221965914,2020-10-19,0.47174523537312263,0.4316843299026544,True
Mediums,2020-10-10,2020-10-19,0.9050677818923258,0.6321353732078969,0.2729324086844289,1.5372031551002228,2020-10-20,1.7204826231255064,,False
Mediums,2020-10-11,2020-10-20,0.9203657043063865,0.6897286920971568,0.23063701220922972,1.6100943964035435,2020-10-21,0.028680918376417175,,False
Mediums,2020-10-12,2020-10-21,0.8163818552144034,0.7243498632892852,0.09203199192511824,1.5407317185036886,2020-10-22,0.0286809183764154,8.881784197001252e-16,False
Mediums,2020-10-13,2020-10-22,0.5473319599625447,0.5980363680128077,-0.050704408050262995,1.1453683279753524,2020-10-23,0.4624953287971791,0.08477679411106176,True
Mediums,2020-10-14,2020-10-23,0.46504060510331124,0.47950440752352386,-0.014463802420212613,0.9445450126268351,2020-10-24,0.6104938340122765,0.1569761199646022,True
Mediums,2020-10-15,2020-10-24,0.4670673315737609,0.46435334237570924,0.0027139891980516584,0.9314206739494701,2020-10-25,0.8324915918349225,0.0784880599823008,True
Mediums,2020-10-16,2020-10-25,0.5212850034778407,0.4608332273127587,0.06045177616508196,0.9821182307905993,2020-10-27,0.3884960761896288,,True
Mediums,2020-10-17,2020-10-27,0.5182017012858595,0.4615658509172869,0.056635850368572604,0.9797675522031464,2020-10-28,1.6464833705179578,2.371153606910363,False
Mediums,2020-10-18,2020-10-28,0.6574262459009567,0.9928045661637888,-0.3353783202628321,1.6502308120647453,2020-10-30,0.7245760151155807,0.15542412253694857,True
Mediums,2020-10-19,2020-10-30,0.6930394208835045,0.9348400873597904,-0.24180066647628595,1.6278795082432949,2020-10-31,0.9989899102019066,,True
Mediums,2020-10-20,2020-10-31,0.7304663639004628,0.95310617858758,-0.22263981468711713,1.6835725424880428,2020-11-01,0.8879910312905839,0.5494164198761068,True
Mediums,2020-10-21,2020-11-01,0.6983250817840437,0.9113033609564113,-0.21297827917236756,1.609628442740455,2020-11-02,1.054489349657568,,True
Mediums,2020-10-22,2020-11-02,0.7471731023212413,0.9010493128185202,-0.15387621049727884,1.6482224151397615,2020-11-04,1.4984848653028608,1.5697611996460195,True
Mediums,2020-10-23,2020-11-04,0.9300781062111273,0.9628113542283391,-0.03273324801721178,1.8928894604394664,2020-11-06,1.581734024486352,0.5101723898849564,True
Mediums,2020-10-24,2020-11-06,1.072502325621248,0.9907071389718826,0.08179518664936547,2.0632094645931307,2020-11-07,1.2209876680245526,,True
Mediums,2020-10-25,2020-11-07,1.1320857881557618,1.0050932275656708,0.126992560590091,2.1371790157214328,2020-11-08,0.2774971972783078,,True
Mediums,2020-10-27,2020-11-08,1.117062247083069,1.0522125984521886,0.06484964863088027,2.1692748455352575,2020-11-09,1.7019828099736192,0.7452922444522276,True
Mediums,2020-10-28,2020-11-09,1.2477637133759687,1.027303796717961,0.22045991665800768,2.2750675100939297,2020-11-10,0.7769921523792611,,True
Mediums,2020-10-30,2020-11-10,1.1497089761746349,0.676981356407428,0.4727276197672069,1.826690332582063,2020-11-11,0.9157407510184146,0.8241246298141608,True
Mediums,2020-10-31,2020-11-11,1.2001753782286797,0.7066468535156686,0.4935285247130111,1.9068222317443482,2020-11-13,0.11099887891132276,,False
Mediums,2020-11-01,2020-11-13,1.1446759387730183,0.7566061715932845,0.38806976717973385,1.901282110366303,2020-11-14,1.054489349657569,,True
Mediums,2020-11-02,2020-11-14,1.1728881538296465,0.7629526985051444,0.40993545532450215,1.935840852334791,2020-11-15,1.359736266663707,0.6671485098495573,True
Mediums,2020-11-04,2020-11-15,1.2036440931946588,0.7587320093064377,0.4449120838882211,1.9623761025010964,2020-11-16,2.885970851694397,,False
Mediums,2020-11-06,2020-11-16,1.2764871074802144,0.7904670091107572,0.48602009836945725,2.0669541165909715,2020-11-17,0.6659932734679384,,True
Mediums,2020-11-07,2020-11-17,1.1892737026213178,0.8118034195712519,0.3774702830500659,2.00107712219257,2020-11-20,0.9935606172116791,1.1112075252614895,True
Mediums,2020-11-08,2020-11-20,1.1413580375012125,0.8798027823810188,0.2615552551201936,2.0211608198822315,2020-11-23,0.4717452353731232,0.30228943768649064,True
Mediums,2020-11-09,2020-11-23,1.05062851908674,0.8442254763723662,0.2064030427143737,1.8948539954591062,2020-11-24,0.1664983183669846,0.07848805998230142,False
Mediums,2020-11-10,2020-11-24,0.854716767818311,0.8164351398307563,0.038281627987554634,1.6711519076490673,2020-11-25,0.6659932734679384,0.6279044798584088,True
Mediums,2020-11-11,2020-11-25,0.8397306491552264,0.8095859382060183,0.03014471094920812,1.6493165873612448,2020-11-26,0.4106958519718952,0.20240182181139565,True
Mediums,2020-11-13,2020-11-26,0.7398526409098771,0.7573039216519496,-0.017451280742072472,1.4971565625618268,2020-11-27,0.8509914049868099,0.9023282679555267,True
Mediums,2020-11-14,2020-11-27,0.7783434430790511,0.759664277141603,0.018679165937448117,1.5380077202206541,2020-11-28,0.915740751018415,0.11773208997345055,True
Mediums,2020-11-15,2020-11-28,0.7782914703598285,0.7436535695787103,0.03463790078111817,1.5219450399385388,2020-12-01,0.49949495510095376,,True
Mediums,2020-11-16,2020-12-01,0.7206240260451632,0.7274058271167767,-0.006781801071613525,1.4480298531619398,2020-12-02,0.6659932734679366,,True
Mediums,2020-11-17,2020-12-02,0.6318249229161048,0.5706716555087894,0.061153267407315415,1.2024965784248942,2020-12-04,0.6382435537401077,0.8241246298141596,True
Mediums,2020-11-20,2020-12-04,0.6310044964198037,0.5828916245055195,0.04811287191428426,1.2138961209253232,2020-12-05,0.1387485986391539,0.11773208997345182,True
Mediums,2020-11-23,2020-12-05,0.5295571514727703,0.44308341270676604,0.08647373876600423,0.9726405641795364,2020-12-06,1.3319865469358758,,False
Mediums,2020-11-24,2020-12-06,0.5787798686090414,0.4909650650686704,0.08781480354037102,1.0697449336777118,2020-12-07,0.16649831836698503,,True
Mediums,2020-11-25,2020-12-07,0.5993939461211444,0.49397947146214577,0.10541447465899861,1.09337341758329,2020-12-08,0.2774971972783069,,True
Mediums,2020-11-26,2020-12-08,0.5754415564613325,0.49023126992039523,0.08521028654093732,1.0656728263817277,2020-12-10,0.5272446748287845,0.5886604498672565,True
Mediums,2020-11-27,2020-12-10,0.6208999789102131,0.5381705028335858,0.08272947607662728,1.159070481743799,2020-12-11,0.6289936471641641,0.36953347828747507,True
Mediums,2020-11-28,2020-12-11,0.579275399318467,0.43226368248759556,0.1470117168308715,1.0115390818060626,2020-12-12,0.3329966367339683,,True
Mediums,2020-12-01,2020-12-12,0.5179947682528406,0.42818747145134317,0.08980729680149746,0.9461822397041838,2020-12-14,0.41624579591746125,0.274708209938054,True
Mediums,2020-12-02,2020-12-14,0.5064323850329112,0.42115018658290715,0.08528219845000407,0.9275825716158184,2020-12-15,0.16649831836698503,,True
Mediums,2020-12-04,2020-12-15,0.47521395033910174,0.42700618549840047,0.04820776484070127,0.9022201358375022,2020-12-16,0.7214927129235997,0.05549943945566049,True
Mediums,2020-12-05,2020-12-16,0.49949495510095365,0.36918600902559817,0.13030894607535548,0.8686809641265518,2020-12-17,0.36999626303774313,0.22429831416719645,True
Mediums,2020-12-06,2020-12-17,0.5179947682528409,0.3473771523361972,0.17061761591664365,0.865371920589038,2020-12-20,0.5549943945566147,0.23546417994690236,True
Mediums,2020-12-07,2020-12-20,0.4790477931962362,0.2806919327425129,0.19835586045372328,0.759739725938749,2020-12-21,1.0822390693853987,0.5101723898849552,False
Mediums,2020-12-08,2020-12-21,0.5549943945566149,0.33974399799381094,0.21525039656280398,0.8947383925504259,2020-12-22,0.05549943945566227,,False
Mediums,2020-12-10,2020-12-22,0.5438945066654828,0.35266803122644713,0.19122647543903565,0.89656253789193,2020-12-23,0.16649831836698414,0.0784880599823008,False
Mediums,2020-12-11,2020-12-23,0.5078198710193027,0.34648863127088764,0.16133123974841507,0.8543085022901904,2020-12-25,0.7492424326514304,0.667148509849558,True
Mediums,2020-12-12,2020-12-25,0.51410007074718,0.3745205296727255,0.13957954107445453,0.8886206004199055,2020-12-26,0.6937429931957686,0.1962201499557526,True
Mediums,2020-12-14,2020-12-26,0.5411195346926997,0.36852674776916616,0.17259278692353353,0.9096462824618659,2020-12-27,0.1664983183669846,0.1569761199646022,False
Mediums,2020-12-15,2020-12-27,0.516144786937652,0.38159117444690266,0.13455361249074932,0.8977359613845546,2020-12-29,0.010255331203762985,0.0,False
Mediums,2020-12-16,2020-12-29,0.484614670609218,0.3959383273195277,0.08867634328969026,0.8805529979287456,2020-12-30,0.11099887891132365,,True
Mediums,2020-12-17,2020-12-30,0.4275488854175845,0.41086388468652724,0.016685000731057276,0.8384127701041117,2021-01-01,0.7492424326514309,0.7456365698318581,True
Mediums,2020-12-20,2021-01-01,0.4728847166179853,0.46361490644415826,0.009269810173827053,0.9364996230621436,2021-01-02,0.11099887891132276,,True
Mediums,2020-12-21,2021-01-02,0.44193735228951936,0.48086586598318337,-0.03892851369366401,0.9228032182727027,2021-01-03,1.2764871074802144,,False
Mediums,2020-12-22,2021-01-03,0.4140589973519529,0.4692903367820942,-0.0552313394301413,0.883349334134047,2021-01-04,0.6659932734679377,0.6644498339111925,True
Mediums,2020-12-23,2021-01-04,0.4859693480024913,0.5085409268789471,-0.022571578876455833,0.9945102748814385,2021-01-05,0.6382435537401068,0.8241246298141596,True
Mediums,2020-12-25,2021-01-05,0.5356267411996621,0.5335140777134808,0.002112663486181332,1.069140818913143,2021-01-10,0.27749719727830735,0.3139522399292038,True
Mediums,2020-12-26,2021-01-10,0.4859693480024912,0.5148946425797599,-0.028925294577268723,1.0008639905822512,2021-01-11,0.7214927129235997,,True
Mediums,2020-12-27,2021-01-11,0.4759680188099665,0.5258564737975947,-0.04988845498762823,1.0018244926075612,2021-01-12,0.24974747755047666,,True
Mediums,2020-12-29,2021-01-12,0.499069128199759,0.5319095627031368,-0.03284043450337781,1.030978690902896,2021-01-15,0.44399551564529194,0.0784880599823008,True
Mediums,2020-12-30,2021-01-15,0.5500973851928802,0.5010568355993237,0.049040549593556526,1.051154220792204,2021-01-17,0.5882940582300119,0.2926247089379418,True
Mediums,2021-01-01,2021-01-17,0.580101283834176,0.45579746815151334,0.12430381568266269,1.0358987519856893,2021-01-18,0.8509914049868096,0.21011748660799495,True
Mediums,2021-01-02,2021-01-18,0.6016643777352392,0.4276207211287341,0.17404365660650506,1.0292850988639732,2021-01-21,0.9989899102019066,,True
Mediums,2021-01-03,2021-01-21,0.6420276064302658,0.4209581964230401,0.2210694100072257,1.062985802853306,2021-01-22,0.8324915918349234,,True
Mediums,2021-01-04,2021-01-22,0.6218459920827525,0.39917170138064,0.22267429070211248,1.0210176934633926,2021-01-23,0.5827441142844465,0.19622014995575293,True
Mediums,2021-01-05,2021-01-23,0.6091063480258849,0.328644473237876,0.28046187478800894,0.9377508212637609,2021-01-24,0.7769921523792611,,True
Mediums,2021-01-10,2021-01-24,0.6148753687061447,0.2787681772784843,0.3361071914276604,0.893643545984629,2021-01-25,0.6104938340122764,0.3236145616568413,True
Mediums,2021-01-11,2021-01-25,0.6445503082237052,0.2647752643089258,0.3797750439147794,0.909325572532631,2021-01-26,0.16649831836698503,,False
Mediums,2021-01-12,2021-01-26,0.6193232902893137,0.28291320141285575,0.3364100888764579,0.9022364917021695,2021-01-27,0.36224634131195455,0.42956303098421267,True
Mediums,2021-01-15,2021-01-27,0.6130372865842753,0.29077044080773545,0.3222668457765398,0.9038077273920107,2021-01-28,0.7214927129235997,0.3139522399292044,True
Mediums,2021-01-17,2021-01-28,0.6371674776519543,0.2942967205838273,0.342870757068127,0.9314641982357815,2021-01-29,0.795491965531148,0.3155831716307589,True
Mediums,2021-01-18,2021-01-29,0.671421790068492,0.30005976639534915,0.37136202367314286,0.9714815564638412,2021-01-30,0.5364945814047278,0.2622801182278256,True
Mediums,2021-01-21,2021-01-30,0.6264936724139089,0.29711036138907154,0.3293833110248373,0.9236040338029804,2021-01-31,0.6659932734679384,0.5494164198761068,True
Mediums,2021-01-22,2021-01-31,0.6131528980648209,0.3029852464897764,0.31016765157504445,0.9161381445545973,2021-02-06,0.9989899102019066,,False
Mediums,2021-01-23,2021-02-06,0.6207210034451383,0.3107059482572315,0.31001505518790673,0.9314269517023698,2021-02-07,0.19424803809481572,0.1962201499557532,False
Mediums,2021-01-24,2021-02-07,0.5854031783369901,0.3352848207201033,0.2501183576168868,0.9206879990570933,2021-02-08,0.5470659032058062,0.2650615334281182,True
Mediums,2021-01-25,2021-02-08,0.5689763961955415,0.31904407132031415,0.24993232487522737,0.8880204675158556,2021-02-09,0.4023709360535457,0.29498356696935973,True
Mediums,2021-01-26,2021-02-09,0.5366056913936282,0.32013010228865363,0.2164755891049746,0.8567357936822819,2021-02-10,1.091488975961342,1.4109670566921844,False
Mediums,2021-01-27,2021-02-10,0.6067697336946553,0.5102576915881692,0.096512042106486,1.1170274252828245,2021-02-11,0.16649831836698503,,True
Mediums,2021-01-28,2021-02-11,0.6085117111745743,0.5156731561835176,0.09283855499105664,1.1241848673580919,2021-02-12,1.664983183669845,,False
Mediums,2021-01-29,2021-02-12,0.6392713211374342,0.5597491921392398,0.07952212899819444,1.199020513276674,2021-02-14,0.795491965531148,0.8087190727299572,True
Mediums,2021-01-30,2021-02-14,0.6392713211374341,0.5966304651758642,0.04264085596156997,1.2359017863132982,2021-02-15,0.7325926008147314,0.4464170128467928,True
Mediums,2021-01-31,2021-02-15,0.6659932734679379,0.5947954000006674,0.07119787346727047,1.2607886734686053,2021-02-16,0.38849607618963056,,True
Mediums,2021-02-06,2021-02-16,0.6560826592794269,0.5987109617534785,0.057371697525948395,1.2547936210329054,2021-02-17,0.8324915918349216,,True
Mediums,2021-02-07,2021-02-17,0.6501362907663203,0.5959997729596345,0.054136517806685824,1.2461360637259546,2021-02-18,0.6474934603160508,0.31558317163075794,True
Mediums,2021-02-08,2021-02-18,0.6813034636626031,0.57655659462652,0.1047468690360831,1.257860058289123,2021-02-20,0.18499813151887157,0.03204261630959918,True
Mediums,2021-02-09,2021-02-20,0.6593333407332583,0.6287868505519327,0.030546490181325603,1.288120191285191,2021-02-23,0.1664983183669846,0.1569761199646022,True
Mediums,2021-02-10,2021-02-23,0.6611672352544019,0.6562331184363198,0.0049341168180820905,1.3174003536907217,2021-02-24,0.05549943945566138,,True
Mediums,2021-02-11,2021-02-24,0.5708513772582325,0.5065803438228,0.0642710334354325,1.0774317210810325,2021-02-25,0.4994949551009542,,True
Mediums,2021-02-12,2021-02-25,0.5867083599598499,0.498436701888641,0.08827165807120896,1.085145061848491,2021-02-26,0.32098377105092507,0.4453369410616898,True
Mediums,2021-02-14,2021-02-26,0.5051671168973818,0.4401269736514343,0.06504014324594753,0.9452940905488161,2021-02-27,0.7769921523792607,0.7848805998230097,True
Mediums,2021-02-15,2021-02-27,0.4902887316729481,0.4058902696168226,0.0843984620561255,0.8961790012897708,2021-02-28,0.4439955156452917,0.15697611996460253,True
Mediums,2021-02-16,2021-02-28,0.4216515854748307,0.35811188777109904,0.06353969770373169,0.7797634732459298,2021-03-02,2.0534792598594755,,False
Mediums,2021-02-17,2021-03-02,0.509282279352191,0.517700732638835,-0.008418453286644034,1.026983011991026,2021-03-04,0.2497474775504771,0.19622014995575196,True
Mediums,2021-02-18,2021-03-04,0.467168333547883,0.5056281086034218,-0.03845977505553877,0.9727964421513048,2021-03-05,0.8879910312905839,1.0988328397522136,True
Mediums,2021-02-20,2021-03-05,0.482993071188983,0.5829836114050957,-0.0999905402161127,1.0659766825940786,2021-03-06,0.8047418721070918,0.7456365698318588,True
Mediums,2021-02-23,2021-03-06,0.5684087612360137,0.617437540752628,-0.04902877951661433,1.1858463019886418,2021-03-07,0.9434904707462457,0.3090078011582743,True
Mediums,2021-02-24,2021-03-07,0.6699385514606849,0.6032487194364109,0.06668983202427403,1.273187270897096,2021-03-08,0.11099887891132276,,True
Mediums,2021-02-25,2021-03-08,0.6728595745899303,0.6002350620600329,0.07262451252989743,1.2730946366499631,2021-03-09,1.1377385088410605,0.5886604498672579,True
Mediums,2021-02-26,2021-03-09,0.7280156989894921,0.6144284916153044,0.1135872073741877,1.3424441906047966,2021-03-10,0.36999626303774286,0.21011748660799615,True
Mediums,2021-02-27,2021-03-10,0.7353675727875147,0.5960837792837905,0.13928379350372422,1.3314513520713054,2021-03-11,0.9157407510184146,0.03924402999114914,True
Mediums,2021-02-28,2021-03-11,0.7492424326514302,0.5709759707988499,0.17826646185258033,1.32021840345028,2021-03-12,0.527244674828784,0.4316843299026544,True
Mediums,2021-03-02,2021-03-12,0.7575673485697794,0.5743094731286372,0.18325787544114214,1.3318768216984167,2021-03-13,0.2219977578226464,,True
Mediums,2021-03-04,2021-03-13,0.665993273467938,0.4977066842648309,0.16828658920310713,1.163699957732769,2021-03-14,1.1099887891132294,0.7868403546834769,True
Mediums,2021-03-05,2021-03-14,0.7690636610284519,0.5444282044409633,0.22463545658748862,1.3134918654694152,2021-03-15,0.29599701043019433,0.23106259220855943,True
Mediums,2021-03-06,2021-03-15,0.6937429931957685,0.5045349528693145,0.189208040326454,1.198277946065083,2021-03-17,0.19424803809481528,0.039244029991149766,True
Mediums,2021-03-07,2021-03-17,0.6382435537401071,0.497508883795715,0.1407346699443921,1.1357524375358221,2021-03-18,1.1099887891132303,0.6279044798584076,True
Mediums,2021-03-08,2021-03-18,0.6395649689652418,0.5275714499624115,0.11199351900283039,1.1671364189276532,2021-03-19,0.7769921523792608,0.6400507594915579,True
Mediums,2021-03-09,2021-03-19,0.6804713881085452,0.5276341931207804,0.15283719498776482,1.2081055812293258,2021-03-21,0.2959970104301952,0.28480100339916703,True
Mediums,2021-03-10,2021-03-21,0.5943064975043751,0.501629713480093,0.09267678402428214,1.0959362109844681,2021-03-22,0.6437934976856734,0.46367780520152785,True
Mediums,2021-03-11,2021-03-22,0.6297051784392363,0.5054880433488028,0.12421713509043353,1.1351932217880392,2021-03-23,0.6104938340122761,,True
Mediums,2021-03-12,2021-03-23,0.6060538788558235,0.508640579314885,0.09741329954093847,1.1146944581707086,2021-03-24,0.1942480380948144,0.11773208997345055,True
Mediums,2021-03-13,2021-03-24,0.579414147917106,0.5142016326558908,0.06521251526121519,1.0936157805729967,2021-03-26,0.38849607618962967,0.3924402999115039,True
Mediums,2021-03-14,2021-03-26,0.57847492663401,0.5077329634515482,0.07074196318246184,1.086207890085558,2021-03-27,0.9712401904740762,1.216564929725665,True
Mediums,2021-03-15,2021-03-27,0.546114484243709,0.5050347342117267,0.041079750031982276,1.0511492184554356,2021-03-28,0.5549943945566151,0.1569761199646022,True
Mediums,2021-03-17,2021-03-28,0.5781191609964739,0.5033454132072935,0.07477374778918033,1.0814645742037674,2021-03-31,0.22199775782264627,0.14683771470316656,True
Mediums,2021-03-18,2021-03-31,0.5660942824477473,0.49795091754243925,0.06814336490530803,1.0640451999901865,2021-04-01,0.9434904707462457,0.07848805998230142,True
Mediums,2021-03-19,2021-04-01,0.5527744169783886,0.46777830206581067,0.08499611491257791,1.0205527190441992,2021-04-02,0.7214927129235993,0.8633686598053105,True
Mediums,2021-03-21,2021-04-02,0.5388070580487136,0.46992604912602365,0.06888100892269,1.0087331071747374,2021-04-03,0.5549943945566147,,True
Mediums,2021-03-22,2021-04-03,0.572653307110689,0.4738428234651725,0.09881048364551648,1.0464961305758615,2021-04-04,0.7769921523792611,0.0784880599823008,True
Mediums,2021-03-23,2021-04-04,0.5754415564613321,0.4666247467596965,0.1088168097016356,1.0420663032210287,2021-04-06,0.4717452353731231,0.2747082099380534,True
Mediums,2021-03-24,2021-04-06,0.5633193104749641,0.4595248457116017,0.1037944647633624,1.0228441561865658,2021-04-09,0.5216947308832172,,True
Mediums,2021-03-26,2021-04-09,0.5999781507469932,0.4535054577823923,0.14647269296460091,1.0534836085293855,2021-04-10,0.6104938340122765,0.26423018313123553,True
Mediums,2021-03-27,2021-04-10,0.6221222879934627,0.4276767674241463,0.1944455205693164,1.0497990554176089,2021-04-11,0.11099887891132276,,False
Mediums,2021-03-28,2021-04-11,0.5616543272912944,0.3342289755515221,0.2274253517397723,0.8958833028428165,2021-04-12,0.2774971972783075,0.09612784892879805,True
Mediums,2021-03-31,2021-04-12,0.521694730883218,0.34094909709976956,0.1807456337834485,0.8626438279829876,2021-04-13,0.3329966367339692,0.2242983141671966,True
Mediums,2021-04-01,2021-04-13,0.5048229012886971,0.3263650188114518,0.1784578824772453,0.8311879201001489,2021-04-14,0.8324915918349216,,False
Mediums,2021-04-02,2021-04-14,0.48192013260666067,0.31347269840129965,0.168447434205361,0.7953928310079603,2021-04-15,0.5272446748287842,0.5101723898849561,True
Mediums,2021-04-03,2021-04-15,0.4657327960987594,0.26849000827610014,0.19724278782265925,0.7342228043748595,2021-04-16,0.1387485986391539,0.03924402999115102,False
Mediums,2021-04-04,2021-04-16,0.4360035963636768,0.2771365866093375,0.15886700975433932,0.7131401829730143,2021-04-18,0.3884960761896288,,True
Mediums,2021-04-06,2021-04-18,0.405608403355126,0.2624872564486713,0.14312114690645467,0.6680956598037973,2021-04-19,0.38849607618963056,,True
Mediums,2021-04-09,2021-04-19,0.39911336025940913,0.2610990474667531,0.13801431279265602,0.6602124077261622,2021-04-20,0.9989899102019066,,False
Mediums,2021-04-10,2021-04-20,0.41986532457761305,0.2887843287073841,0.13108099587022898,0.7086496532849971,2021-04-21,0.4809951419490665,0.1344263180161165,True
Mediums,2021-04-11,2021-04-21,0.4040359192372157,0.2571008163279454,0.1469351029092703,0.6611367355651612,2021-04-22,0.5549943945566156,,True
Mediums,2021-04-12,2021-04-22,0.42179573986302743,0.2512843996108772,0.17051134025215026,0.6730801394739045,2021-04-23,0.3884960761896308,0.09063020511790534,True
Mediums,2021-04-13,2021-04-23,0.4333225465192033,0.24167146926601604,0.19165107725318728,0.6749940157852193,2021-04-24,0.24974747755047666,0.03924402999115102,True
Mediums,2021-04-14,2021-04-24,0.44928117654583105,0.2399378593767123,0.20934331716911875,0.6892190359225434,2021-04-25,0.5919940208603892,0.4202349732159909,True
Mediums,2021-04-15,2021-04-25,0.45123457296559577,0.25394713799064844,0.19728743497494733,0.7051817109562442,2021-04-26,0.2774971972783069,,True
Mediums,2021-04-16,2021-04-26,0.4364274102649746,0.23626976786232415,0.20015764240265047,0.6726971781272988,2021-04-28,1.0267396299297382,0.0392440299911504,False
Mediums,2021-04-18,2021-04-28,0.5171538676550277,0.271559377932845,0.24559448972218267,0.7887132455878727,2021-04-29,0.19424803809481483,0.0392440299911504,False
Mediums,2021-04-19,2021-04-29,0.49466891688741776,0.2804646994047539,0.21420421748266388,0.7751336162921716,2021-04-30,0.5549943945566147,0.454282490585766,True
Mediums,2021-04-20,2021-04-30,0.5061548878356329,0.2985814824176017,0.2075734054180312,0.8047363702532346,2021-05-01,0.33299663673396873,0.2756410079022195,True
Mediums,2021-04-21,2021-05-01,0.463816744022314,0.2850869769659425,0.1787297670563715,0.7489037209882565,2021-05-02,0.16649831836698503,,False
Mediums,2021-04-22,2021-05-02,0.4464085347520599,0.315055494010475,0.13135304074158488,0.7614640287625349,2021-05-03,0.6243686938761916,0.4162457959174609,True
Mediums,2021-04-23,2021-05-03,0.4696106415479049,0.33492641011610175,0.13468423143180314,0.8045370516640067,2021-05-04,1.2764871074802149,1.1773208997345137,False
Mediums,2021-04-24,2021-05-04,0.5503694412686432,0.47936048274784954,0.07100895852079364,1.0297299240164928,2021-05-05,0.7214927129235988,,True
Mediums,2021-04-25,2021-05-05,0.5839506238378296,0.48176511684614065,0.10218550699168893,1.0657157406839701,2021-05-06,0.49949495510095393,0.4002121494337932,True
Mediums,2021-04-26,2021-05-06,0.5718855283039903,0.48105701025493014,0.09082851804906017,1.0529425385589204,2021-05-07,0.2774971972783078,,True
Mediums,2021-04-28,2021-05-07,0.5718855283039903,0.48105701025493014,0.09082851804906017,1.0529425385589204,2021-05-09,0.27749719727830735,0.15697611996460095,True
Mediums,2021-04-29,2021-05-09,0.5067340124212572,0.4659382497002972,0.04079576272095997,0.9726722621215543,2021-05-13,0.11099887891132276,,True
Mediums,2021-04-30,2021-05-13,0.5171538676550275,0.474770549845759,0.04238331780926846,0.9919244175007864,2021-05-15,0.5549943945566156,,True
Mediums,2021-05-01,2021-05-15,0.5133698149648689,0.4767021148896204,0.0366677000752485,0.9900719298544893,2021-05-17,0.7769921523792611,,True
Mediums,2021-05-02,2021-05-17,0.5713177591023979,0.49824647113212095,0.07307128797027695,1.0695642302345187,2021-05-18,0.3329966367339683,0.07848805998230204,True
Mediums,2021-05-03,2021-05-18,0.5673276033245398,0.48066018707421715,0.08666741625032265,1.047987790398757,2021-05-19,1.5401094448946067,0.5094171379684377,False
Mediums,2021-05-04,2021-05-19,0.7708255479952987,0.6513838343609543,0.11944171363434442,1.422209382356253,2021-05-20,0.38849607618963056,,True
Mediums,2021-05-05,2021-05-20,0.688845983832034,0.5781202492197528,0.11072573461228119,1.2669662330517868,2021-05-23,1.1099887891132303,1.4912731396637176,True
Mediums,2021-05-06,2021-05-23,0.7338259216915243,0.6812058144285589,0.0526201072629654,1.415031736120083,2021-05-24,0.6937429931957684,0.3220243084867748,True
Mediums,2021-05-07,2021-05-24,0.7623870367330342,0.6542874467869401,0.10809958994609414,1.4166744835199743,2021-05-25,0.7769921523792611,,True
Mediums,2021-05-09,2021-05-25,0.7886762448962422,0.6436709373481231,0.14500530754811913,1.4323471822443654,2021-05-27,0.702992899771712,0.2622801182278256,True
Mediums,2021-05-13,2021-05-27,0.8269416478893561,0.6087386971728634,0.21820295071649265,1.4356803450622195,2021-05-28,0.4994949551009533,,True
Mediums,2021-05-15,2021-05-28,0.8463664516988377,0.5906193918868912,0.25574705981194656,1.4369858435857288,2021-05-30,0.6104938340122765,0.1569761199646022,True
Mediums,2021-05-17,2021-05-30,0.8377772527354614,0.5778088093986182,0.2599684433368432,1.4155860621340797,2021-06-01,0.6659932734679375,,True
Mediums,2021-05-18,2021-06-01,0.8324915918349222,0.5788993266987957,0.2535922651361264,1.411390918533718,2021-06-02,0.9434904707462461,,True
Mediums,2021-05-19,2021-06-02,0.8879910312905839,0.5688425371181705,0.3191484941724134,1.4568335684087543,2021-06-04,0.8301791151909367,0.588019660332574,True
Mediums,2021-05-20,2021-06-04,0.7415747469371611,0.4692042733597758,0.27237047357738525,1.2107790202969368,2021-06-08,1.2764871074802144,,False
Mediums,2021-05-23,2021-06-08,0.7883111170050866,0.47625348705476717,0.31205762995031944,1.2645646040598537,2021-06-10,0.2636223374143922,0.01962201499557551,False
Mediums,2021-05-24,2021-06-10,0.6992199115631037,0.33764201322462256,0.36157789833848114,1.0368619247877262,2021-06-11,0.6104938340122761,,True
Mediums,2021-05-25,2021-06-11,0.6950437613080107,0.34141008035622994,0.35363368095178077,1.0364538416642406,2021-06-13,1.1654882285688917,0.7868403546834769,False
Mediums,2021-05-27,2021-06-13,0.7688984841253103,0.4566956266677057,0.31220285745760457,1.225594110793016,2021-06-14,0.5549943945566156,,True
Mediums,2021-05-28,2021-06-14,0.7678867755935666,0.478945469810606,0.28894130578296057,1.2468322454041725,2021-06-15,0.44399551564529105,,True
Mediums,2021-05-30,2021-06-15,0.7644180606275877,0.48121445759722214,0.2832036030303655,1.2456325182248098,2021-06-22,0.05549943945566138,,False
Mediums,2021-06-01,2021-06-22,0.7376800494315009,0.5273468138098034,0.21033323562169748,1.2650268632413044,2021-06-23,0.08324915918349296,0.03924402999115165,False
Mediums,2021-06-02,2021-06-23,0.6603566116482225,0.5568137524803318,0.10354285916789063,1.2171703641285543,2021-06-25,1.1654882285688921,1.3342970196991166,True
Mediums,2021-06-04,2021-06-25,0.703128927809594,0.6533577681962267,0.04977115961336731,1.3564866960058208,2021-06-26,0.6382435537401077,0.4316843299026556,True
Mediums,2021-06-08,2021-06-26,0.6711963459169065,0.6464528354860826,0.0247435104308239,1.317649181402989,2021-06-28,0.6659932734679375,,True
Mediums,2021-06-10,2021-06-28,0.6330404812911392,0.6260391507173505,0.007001330573788711,1.2590796320084898,2021-06-29,0.05549943945566227,,True
Mediums,2021-06-11,2021-06-29,0.6437934976856735,0.6512279590194558,-0.007434461333782338,1.2950214567051295,2021-06-30,1.1516133687049763,1.6055717017483668,True
Mediums,2021-06-13,2021-06-30,0.7584923392273741,0.9224188730269046,-0.16392653379953048,1.6809112122542786,2021-07-01,0.16649831836698414,0.0784880599823008,True
Mediums,2021-06-14,2021-07-01,0.6170231798305899,0.9047179702135645,-0.28769479038297463,1.5217411500441544,2021-07-02,0.5827441142844454,0.1962201499557532,True
Mediums,2021-06-15,2021-07-02,0.616660438396239,0.878944427316717,-0.262283988920478,1.495604865712956,2021-07-08,0.7214927129236006,,True
Mediums,2021-06-22,2021-07-08,0.632076949356145,0.878171053916963,-0.24609410456081804,1.510248003273108,2021-07-09,0.6659932734679366,,True
Mediums,2021-06-23,2021-07-09,0.6659932734679381,0.8663017333441149,-0.20030845987617674,1.532295006812053,2021-07-11,0.7214927129235997,,True
Mediums,2021-06-25,2021-07-11,0.7378160774693823,0.8657656190754739,-0.12794954160609162,1.6035816965448562,2021-07-12,0.22199775782264553,,True
Mediums,2021-06-26,2021-07-12,0.6521184136040226,0.8163009798577812,-0.1641825662537586,1.4684193934618037,2021-07-13,0.7769921523792608,0.2001060747168962,True
Mediums,2021-06-28,2021-07-13,0.6757872921954077,0.7876315178648654,-0.11184422566945773,1.463418810060273,2021-07-14,0.8324915918349225,,True
Mediums,2021-06-29,2021-07-14,0.6855813109228772,0.788536783939892,-0.1029554730170148,1.4741180948627692,2021-07-17,0.3884960761896304,0.19225569785759725,True
Mediums,2021-06-30,2021-07-17,0.6718353197264285,0.7411235581822945,-0.06928823845586596,1.412958877908723,2021-07-18,0.9989899102019071,0.7848805998230085,True
Mediums,2021-07-01,2021-07-18,0.5974351423756501,0.3507510850720795,0.24668405730357057,0.9481862274477296,2021-07-19,0.4994949551009529,0.6279044798584069,True
Mediums,2021-07-02,2021-07-19,0.6366112172855288,0.3516217165467856,0.28498950073874324,0.9882329338323144,2021-07-20,0.05549943945566049,,False
Mediums,2021-07-08,2021-07-20,0.6070251190462974,0.3879506094788406,0.21907450956745683,0.9949757285251379,2021-07-24,0.2147900384128203,0.2092809458093789,False
Mediums,2021-07-09,2021-07-24,0.5352932948364233,0.39860095200683315,0.13669234282959014,0.9338942468432565,2021-07-27,0.38849607618962967,,True
Mediums,2021-07-11,2021-07-27,0.5198767838765173,0.3986148902503286,0.12126189362618867,0.9184916741268458,2021-07-28,0.4717452353731222,0.3531962699203542,True
Mediums,2021-07-12,2021-07-28,0.5041989403999977,0.393365601488204,0.1108333389117937,0.8975645418882017,2021-07-29,1.137738508841061,0.8241246298141596,False
Mediums,2021-07-13,2021-07-29,0.5816629563729716,0.4626884894989285,0.11897446687404312,1.0443514458719,2021-07-30,0.3514964498858563,0.2793410527603852,True
Mediums,2021-07-14,2021-07-30,0.5178386009989611,0.4649000177813252,0.05293858321763584,0.9827386187802862,2021-07-31,0.44399551564529194,,True
Mediums,2021-07-17,2021-07-31,0.4984137971894794,0.45914155257279915,0.039272244616680274,0.9575553497622786,2021-08-01,0.18962308480684342,0.172368726746514,True
Mediums,2021-07-18,2021-08-01,0.46858284848206144,0.4714433311851176,-0.0028604827030561664,0.940026179667179,2021-08-02,0.3329966367339692,,True
Mediums,2021-07-19,2021-08-02,0.40561440978796753,0.40738084674422403,-0.0017664369562565008,0.8129952565321916,2021-08-03,0.6104938340122756,0.6279044798584069,True
Mediums,2021-07-20,2021-08-03,0.4172985023049489,0.4117034381901219,0.00559506411482702,0.8290019404950708,2021-08-04,0.5549943945566147,,True
Mediums,2021-07-24,2021-08-04,0.443587710468157,0.40317663955761324,0.040411070910543745,0.8467643500257702,2021-08-06,0.1664983183669846,0.1569761199646022,True
Mediums,2021-07-27,2021-08-06,0.45093294557724956,0.4100581390348624,0.040874806542387176,0.8609910846121119,2021-08-07,0.8386581962188849,5.147892387644517e-16,True
Mediums,2021-07-28,2021-08-07,0.5122135766428759,0.41234237486193875,0.09987120178093717,0.9245559515048147,2021-08-10,0.5549943945566147,0.470928359893806,True
Mediums,2021-07-29,2021-08-10,0.5205384925612251,0.41842582830533087,0.10211266425589421,0.9389643208665559,2021-08-11,0.8879910312905839,,True
Mediums,2021-07-30,2021-08-11,0.47490967709647175,0.33174067494338727,0.14316900215308448,0.806650352039859,2021-08-13,0.9434904707462453,,False
Mediums,2021-07-31,2021-08-13,0.5242520579953907,0.34976393795746463,0.17448812003792602,0.8740159959528553,2021-08-14,0.3699962630377434,0.4520167283772561,True
Mediums,2021-08-01,2021-08-14,0.5041199083889252,0.3669118812565715,0.1372080271323537,0.8710317896454967,2021-08-17,0.4717452353731231,,True
Mediums,2021-08-02,2021-08-17,0.5577149553142453,0.3552558961860526,0.20245905912819273,0.9129708515002979,2021-08-18,0.9434904707462461,,False
Mediums,2021-08-03,2021-08-18,0.5936263573149675,0.36191407513631507,0.23171228217865242,0.9555404324512826,2021-08-19,0.27749719727830735,0.3139522399292038,True
Mediums,2021-08-04,2021-08-19,0.554450282405089,0.3511789076968587,0.20327137470823026,0.9056291901019478,2021-08-27,0.27749719727830735,0.3139522399292038,True
Mediums,2021-08-06,2021-08-27,0.5236474889381396,0.36040166493241305,0.16324582400572657,0.8840491538705526,2021-08-30,0.5549943945566138,,True
Mediums,2021-08-07,2021-08-30,0.5675089740417151,0.3442967542463347,0.22321221979538036,0.9118057282880498,2021-09-05,0.4994949551009533,,True
Mediums,2021-08-10,2021-09-05,0.5087448616768969,0.34110178318975437,0.16764307848714255,0.8498466448666513,2021-09-07,1.664983183669845,,False
Mediums,2021-08-11,2021-09-07,0.5847262371221478,0.4522522354104813,0.13247400171166646,1.036978472532629,2021-09-08,0.7492424326514304,0.9811007497787624,True
Mediums,2021-08-13,2021-09-08,0.5864440769148231,0.5059357056874979,0.08050837122732524,1.092379782602321,2021-09-12,0.6937429931957684,0.2919221275906127,True
Mediums,2021-08-14,2021-09-12,0.5904523697643985,0.4701395055017428,0.1203128642626557,1.0605918752661414,2021-09-13,0.7584923392273737,0.22429831416719612,True
Mediums,2021-08-17,2021-09-13,0.6552017157960037,0.4414518732815012,0.21374984251450252,1.0966535890775049,2021-09-14,0.29830948707418026,0.2824252633591223,True
Mediums,2021-08-18,2021-09-14,0.5959582665357936,0.44465573239012013,0.15130253414567352,1.0406139989259138,2021-09-15,0.22199775782264672,0.20010607471689684,True
Mediums,2021-08-19,2021-09-15,0.5320707130423199,0.4389731196052343,0.09309759343708562,0.9710438326475541,2021-09-16,0.8509914049868103,0.5559186156706997,True
Mediums,2021-08-27,2021-09-16,0.5931502591823823,0.4589613325650199,0.13418892661736237,1.0521115917474022,2021-09-18,0.3607463564618003,0.431684329902655,True
Mediums,2021-08-30,2021-09-18,0.60008768911434,0.45874243642606966,0.1413452526882703,1.0588301255404096,2021-09-19,0.1479985052150982,0.08477679411106273,True
Mediums,2021-09-05,2021-09-19,0.5496579099935708,0.4647407361246474,0.08491717386892339,1.0143986461182182,2021-09-20,0.4202100415928656,0.28634186768366676,True
Mediums,2021-09-07,2021-09-20,0.5229087811213109,0.439333557246569,0.08357522387474192,0.9622423383678799,2021-09-21,0.13874859863915345,0.11773208997345118,True
Mediums,2021-09-08,2021-09-21,0.46501803059061847,0.39041340344930375,0.07460462714131472,0.8554314340399223,2021-09-22,0.6659932734679379,0.235464179946903,True
Mediums,2021-09-12,2021-09-22,0.4599726270037401,0.3486036315442236,0.1113689954595165,0.8085762585479637,2021-09-23,0.11099887891132276,,False
Mediums,2021-09-13,2021-09-23,0.41717078657505585,0.3464776735600598,0.07069311301499603,0.7636484601351157,2021-09-24,0.4439955156452928,,True
Mediums,2021-09-14,2021-09-24,0.3815586462576731,0.33313578449650794,0.04842286176116517,0.714694430754181,2021-09-25,0.40237093605354524,0.17768490297124115,True
Mediums,2021-09-15,2021-09-25,0.3964245675404395,0.32316100213239973,0.07326356540803974,0.7195855696728393,2021-09-26,0.7214927129235997,,False
Mediums,2021-09-16,2021-09-26,0.42905335886876783,0.3302315303835947,0.09882182848517312,0.7592848892523625,2021-09-27,0.4360670242944837,0.23639671500206225,True
Mediums,2021-09-18,2021-09-27,0.38849607618963067,0.25328418134408454,0.13521189484554613,0.6417802575337153,2021-09-28,0.17204826231255071,0.06909624489676422,True
Mediums,2021-09-19,2021-09-28,0.3573827540705476,0.2432810956832803,0.1141016583872673,0.6006638497538279,2021-09-29,0.22199775782264553,,True
Mediums,2021-09-20,2021-09-29,0.3732784879517878,0.2421114633165463,0.13116702463524152,0.6153899512683341,2021-09-30,0.832491591834922,,False
Mediums,2021-09-21,2021-09-30,0.3785061770876114,0.2467593539507217,0.1317468231368897,0.6252655310383332,2021-10-01,0.4023709360535461,0.2656833390006604,True
Mediums,2021-09-22,2021-10-01,0.3998015175602283,0.24292550282463374,0.15687601473559457,0.6427270203848621,2021-10-02,0.47174523537312285,0.302289437686491,True
Mediums,2021-09-23,2021-10-02,0.3913667368511303,0.24127269711305377,0.15009403973807656,0.6326394339641841,2021-10-04,0.6474934603160513,0.7500984165163852,False
Mediums,2021-09-24,2021-10-04,0.4448116838725813,0.37582521362523547,0.06898647024734583,0.8206368974978168,2021-10-05,0.3647106021372038,0.2329591706062177,True
Mediums,2021-09-25,2021-10-05,0.43081439877457245,0.3589074238835837,0.07190697489098874,0.7897218226581562,2021-10-06,0.610493834012277,,True
Mediums,2021-09-26,2021-10-06,0.4387455686697566,0.37102606949782324,0.06771949917193337,0.8097716381675799,2021-10-07,0.6271436658489751,0.4993407661930966,True
Mediums,2021-09-27,2021-10-07,0.4548246745634699,0.3885891281302598,0.06623554643321011,0.8434138026937297,2021-10-08,0.47174523537312285,0.3531962699203545,True
Mediums,2021-09-28,2021-10-08,0.45941202660519803,0.4080216966163944,0.05139032998880361,0.8674337232215925,2021-10-09,0.38849607618963056,,True
Mediums,2021-09-29,2021-10-09,0.5020964913254377,0.41510197276423433,0.08699451856120333,0.917198464089672,2021-10-11,0.2996969730605722,0.19856083093758933,True
Mediums,2021-09-30,2021-10-11,0.48176596749706174,0.4003854333441543,0.08138053415290747,0.882151400841216,2021-10-12,0.5549943945566147,0.0784880599823008,True
Mediums,2021-10-01,2021-10-12,0.4762451899235819,0.39099397295023647,0.08525121697334542,0.8672391628738183,2021-10-13,0.9989899102019066,,False
Mediums,2021-10-02,2021-10-13,0.5003111233282427,0.40912041969782525,0.09119070363041742,0.909431543026068,2021-10-14,0.38849607618963056,,True
Mediums,2021-10-04,2021-10-14,0.5003901073502384,0.41867353021169434,0.08171657713854402,0.9190636375619328,2021-10-15,0.7029928997717126,0.16955358822212468,True
Mediums,2021-10-05,2021-10-15,0.49057540233129354,0.3038941404900426,0.18668126184125095,0.7944695428213362,2021-10-16,0.16742330902457891,0.23415604561386405,False
Mediums,2021-10-06,2021-10-16,0.5007818986245631,0.32461646332973404,0.1761654352948291,0.8253983619542972,2021-10-18,0.19424803809481483,0.19622014995575196,True
Mediums,2021-10-07,2021-10-18,0.4706660796059294,0.33040773324223593,0.14025834636369344,0.8010738128481654,2021-10-19,0.4328956277541596,0.3668844586260206,True
Mediums,2021-10-08,2021-10-19,0.43019773833617614,0.2872165987528399,0.14298113958333625,0.717414337089016,2021-10-20,0.24974747755047666,0.11773208997345182,True
Mediums,2021-10-09,2021-10-20,0.41169792518428894,0.28283650415034917,0.12886142103393977,0.694534429334638,2021-10-22,0.1387485986391539,0.03924402999115102,True
Mediums,2021-10-11,2021-10-22,0.3907900530204645,0.28715524152852784,0.10363481149193665,0.6779452945489923,2021-10-25,0.758492339227374,0.28480100339916714,False
Mediums,2021-10-12,2021-10-25,0.4585540642561248,0.31923366009088544,0.1393204041652394,0.7777877243470103,2021-10-26,0.20118546802677284,0.11465514126176837,True
Mediums,2021-10-13,2021-10-26,0.38090477355144226,0.3084718909663145,0.07243288258512776,0.6893766645177568,2021-10-27,0.6937429931957686,0.4525842323400808,False
Mediums,2021-10-14,2021-10-27,0.40069439048665606,0.3250679590013533,0.07562643148530274,0.7257623494880094,2021-10-28,0.05549943945566138,,False
Mediums,2021-10-15,2021-10-28,0.3902882455887195,0.33075134706485465,0.059536898523864845,0.7210395926535742,2021-10-29,0.15262345850306935,0.15941000340039585,True
Mediums,2021-10-16,2021-10-29,0.3330526967738232,0.31792827937219664,0.015124417401626566,0.6509809761460199,2021-10-31,0.5827441142844454,0.2747082099380528,True
Mediums,2021-10-18,2021-10-31,0.35822365466836054,0.32132836729332703,0.0368952873750335,0.6795520219616875,2021-11-01,0.6659932734679375,0.0784880599823008,True
Mediums,2021-10-19,2021-11-01,0.38681427499400434,0.32501984311579596,0.06179443187820838,0.7118341181098002,2021-11-02,0.34409652462510093,0.19385120818475718,True
Mediums,2021-10-20,2021-11-02,0.37335986542899546,0.30541170815246527,0.0679481572765302,0.6787715735814608,2021-11-03,0.3488536194355862,0.2259272267370131,True
Mediums,2021-10-22,2021-11-03,0.3753514721080262,0.2964079052913628,0.07894356681666342,0.6717593773993891,2021-11-04,0.6289936471641638,0.5614319930401304,True
Mediums,2021-10-25,2021-11-04,0.4069958893415176,0.3212472571430441,0.0857486321984735,0.7282431464845617,2021-11-05,0.12949869206321019,0.06408523261919837,True
Mediums,2021-10-26,2021-11-05,0.35861176263658184,0.3050732403487023,0.05353852228787953,0.6636850029852841,2021-11-06,0.11099887891132454,,True
Mediums,2021-10-27,2021-11-06,0.3902304336726198,0.3250649289011942,0.06516550477142558,0.715295362573814,2021-11-08,0.24820582645448605,0.09879084988552467,True
Mediums,2021-10-28,2021-11-08,0.3294599077490492,0.2661149588298443,0.06334494891920489,0.5955748665788936,2021-11-09,0.2219977578226461,0.1468377147031663,True
Mediums,2021-10-29,2021-11-09,0.32811474159666537,0.2585461629999293,0.0695685785967361,0.5866609045965947,2021-11-10,0.4439955156452922,0.34659388831283955,True
Mediums,2021-10-31,2021-11-10,0.35810352601153006,0.26508899678109943,0.09301452923043063,0.6231925227926295,2021-11-11,0.4994949551009533,,True
Mediums,2021-11-01,2021-11-11,0.34904794520398863,0.2599572236731665,0.08909072153082215,0.6090051688771552,2021-11-12,0.3514964498858557,0.2793410527603847,True
Mediums,2021-11-02,2021-11-12,0.3311466554187802,0.2525086968636185,0.0786379585551617,0.5836553522823986,2021-11-15,0.24974747755047622,0.19622014995575196,True
Mediums,2021-11-03,2021-11-15,0.32403578973852354,0.2582100986830782,0.06582569105544533,0.5822458884216017,2021-11-16,0.9064908444424712,1.4261664222625294,False
Mediums,2021-11-04,2021-11-16,0.38023723103253804,0.5001295427619009,-0.11989231172936288,0.880366773794439,2021-11-17,0.2219977578226464,,True
Mediums,2021-11-05,2021-11-17,0.3454484340477392,0.48707371265318905,-0.14162527860544988,0.8325221467009283,2021-11-18,0.5549943945566155,0.37367790857252065,True
Mediums,2021-11-06,2021-11-18,0.4004866958251131,0.49207794219227174,-0.09159124636715865,0.8925646380173848,2021-11-19,0.8879910312905839,,True
Mediums,2021-11-08,2021-11-19,0.4292641829502707,0.49719039961844125,-0.06792621666817056,0.9264545825687119,2021-11-20,0.332996636733969,0.38849607618963056,True
Mediums,2021-11-09,2021-11-20,0.4624953287971792,0.5309884959833819,-0.06849316718620274,0.9934838247805611,2021-11-21,0.33299663673396873,0.1569761199646022,True
Mediums,2021-11-10,2021-11-21,0.4826038213535783,0.5358537526456065,-0.05324993129202821,1.0184575739991848,2021-11-24,0.5688692544205306,0.4187051720947441,True
Mediums,2021-11-11,2021-11-24,0.5018074317449394,0.5364616440696423,-0.03465421232470289,1.0382690758145816,2021-11-25,0.610493834012277,,True
Mediums,2021-11-12,2021-11-25,0.5064323850329112,0.5369191186636794,-0.030486733630768148,1.0433515036965906,2021-11-26,0.16649831836698503,,True
Mediums,2021-11-15,2021-11-26,0.5121084640681494,0.5570866956829743,-0.04497823161482495,1.0691951597511236,2021-11-27,0.610493834012277,0.23546417994690363,True
Mediums,2021-11-16,2021-11-27,0.5449035873828585,0.5517172194284002,-0.006813632045541751,1.0966208068112588,2021-11-28,0.3191217768700534,0.0947833372734197,True
Mediums,2021-11-17,2021-11-28,0.45847363028589955,0.30084279478951514,0.1576308354963844,0.7593164250754147,2021-11-29,0.6992929371413346,0.4450349135147675,True
Mediums,2021-11-18,2021-11-29,0.5118281638688784,0.33630072397149285,0.17552743989738556,0.8481288878403712,2021-11-30,0.3884960761896303,0.33299663673396873,True
Mediums,2021-11-19,2021-11-30,0.49095657980008245,0.3328827722626169,0.15807380753746553,0.8238393520626994,2021-12-01,0.4162457959174608,0.2747082099380534,True
Mediums,2021-11-20,2021-12-01,0.4707174679757957,0.32154706346781065,0.14917040450798508,0.7922645314436063,2021-12-02,1.165488228568892,0.8633686598053109,False
Mediums,2021-11-21,2021-12-02,0.5400522377800907,0.39574103019655865,0.14431120758353205,0.9357932679766494,2021-12-03,0.6521184136040225,0.171809389219481,True
Mediums,2021-11-24,2021-12-03,0.5708513772582325,0.3808916829781498,0.18995969428008275,0.9517430602363823,2021-12-04,2.4974747755047666,,False
Mediums,2021-11-25,2021-12-04,0.6482334528421262,0.5382587320022791,0.10997472083984705,1.1864921848444054,2021-12-06,0.05549943945566227,,False
Mediums,2021-11-26,2021-12-06,0.6260336770598616,0.5511702581219445,0.07486341893791704,1.1772039351818062,2021-12-09,0.4069958893415171,0.25026083364725027,True
Mediums,2021-11-27,2021-12-09,0.6187159731908929,0.5315978362215641,0.0871181369693288,1.150313809412457,2021-12-10,0.4254957024934048,0.3871724059831422,True
Mediums,2021-11-28,2021-12-10,0.5818489620351608,0.523555361133355,0.0582936009018058,1.1054043231685158,2021-12-11,0.04032693082749539,,False
Mediums,2021-11-29,2021-12-11,0.6000413445156167,0.5512353701495497,0.04880597436606704,1.1512767146651663,2021-12-12,0.5474081402425319,0.7171211235792962,True
Mediums,2021-11-30,2021-12-12,0.5759803696486262,0.5725703363089439,0.0034100333396822613,1.1485507059575701,2021-12-13,0.44399551564529194,0.3329966367339692,True
Mediums,2021-12-01,2021-12-13,0.5826403023833057,0.5705911779709678,0.012049124412337853,1.1532314803542736,2021-12-14,1.0359895365056817,0.5005216672945014,True
Mediums,2021-12-02,2021-12-14,0.6477494068178754,0.5895878402247196,0.058161566593155856,1.237337247042595,2021-12-15,0.4994949551009533,,True
Mediums,2021-12-03,2021-12-15,0.6004001230091173,0.55433006229798,0.046070060711137284,1.1547301853070973,2021-12-16,1.8869809414924914,1.726737319610621,False
Mediums,2021-12-04,2021-12-16,0.703282230599862,0.7782340888977775,-0.07495185829791551,1.4815163194976395,2021-12-18,0.2774971972783078,0.23546417994690363,True
Mediums,2021-12-06,2021-12-18,0.5930421217853615,0.6669689928112754,-0.07392687102591389,1.260011114596637,2021-12-19,0.055499439455661825,,True
Mediums,2021-12-09,2021-12-19,0.5930421217853614,0.6669689928112754,-0.073926871025914,1.2600111145966368,2021-12-20,0.3468714965978841,0.3801475283886021,True
Mediums,2021-12-10,2021-12-20,0.5759803696486264,0.6668037517454942,-0.0908233820968678,1.2427841213941206,2021-12-21,0.5549943945566147,0.0784880599823008,True
Mediums,2021-12-11,2021-12-21,0.6169773245413552,0.698477383724016,-0.08150005918266079,1.3154547082653711,2022-01-07,0.6937429931957686,,True
Mediums,2021-12-12,2022-01-07,0.6480923751303206,0.6859464020226471,-0.03785402689232653,1.3340387771529678,2022-01-08,0.8047418721070922,0.5101723898849557,True
Mediums,2021-12-13,2022-01-08,0.6726003495936121,0.6772242070729498,-0.00462385747933769,1.349824556666562,2022-01-11,0.3964245675404393,0.15837149069463208,True
Mediums,2021-12-14,2022-01-11,0.6227037106925222,0.6263737319764648,-0.0036700212839426705,1.249077442668987,2022-01-12,0.38849607618963056,,True
Mediums,2021-12-15,2022-01-12,0.5586139232167668,0.6165585774219189,-0.057944654205152046,1.1751725006386857,2022-01-13,0.4624953287971791,0.31558317163075833,True
Mediums,2021-12-16,2022-01-13,0.5494444506110489,0.5980692317282612,-0.04862478111721236,1.14751368233931,2022-01-14,1.10998878911323,1.2545819843777202,True
Mediums,2021-12-18,2022-01-14,0.5112352211396511,0.49305079026160764,0.0181844308780435,1.0042860114012588,2022-01-15,0.6659932734679381,0.5071446338284921,True
Mediums,2021-12-19,2022-01-15,0.5540375076694484,0.5002917253555239,0.05374578231392446,1.0543292330249723,2022-01-16,0.16649831836698414,,True
Mediums,2021-12-20,2022-01-16,0.5578650552181147,0.49675346922211494,0.06111158599599975,1.0546185244402295,2022-01-17,0.1387485986391539,0.03924402999115102,True
Mediums,2021-12-21,2022-01-17,0.5580776967485962,0.5057606146046911,0.05231708214390507,1.0638383113532872,2022-01-18,0.22199775782264597,,True
Mediums,2022-01-07,2022-01-18,0.5453887223431352,0.5197392752465041,0.025649447096631084,1.0651279975896393,2022-01-19,1.0267396299297376,0.7456365698318591,True
Mediums,2022-01-08,2022-01-19,0.5755497425031564,0.5451190272352598,0.030430715267896535,1.1206687697384163,2022-01-20,0.610493834012277,,True
Mediums,2022-01-11,2022-01-20,0.5592635822070506,0.5424026011493881,0.01686098105766254,1.1016661833564387,2022-01-21,0.2774971972783069,0.0784880599823008,True
Highs,2020-06-26,2020-07-09,0.649669908922155,0.32466265215310897,0.32500725676904607,0.974332561075264,2020-07-10,0.30524691700613804,0.2747082099380534,False
Highs,2020-06-28,2020-07-10,0.5827441142844455,0.3117805359272484,0.2709635783571971,0.8945246502116939,2020-07-11,0.30524691700613804,0.2747082099380534,True
Highs,2020-07-01,2020-07-11,0.4994949551009533,0.27189061535371767,0.22760433974723565,0.771385570454671,2020-07-12,1.9979798204038137,1.4912731396637182,False
Highs,2020-07-02,2020-07-12,0.6572302040802017,0.6454455053906469,0.011784698689554785,1.3026757094708485,2020-07-13,2.1644781387707983,,False
Highs,2020-07-03,2020-07-13,0.7184094107316181,0.7522224059045215,-0.03381299517290337,1.4706318166361396,2020-07-14,0.492557525168996,0.28675776023063587,True
Highs,2020-07-04,2020-07-14,0.6683057501119238,0.670697962589585,-0.002392212477661193,1.3390037127015089,2020-07-15,0.44399551564529105,,True
Highs,2020-07-06,2020-07-15,0.6521184136040225,0.6712509990422093,-0.019132585438186855,1.3233694126462319,2020-07-16,0.38849607618963056,0.38849607618962967,True
Highs,2020-07-07,2020-07-16,0.6371335649509939,0.6702423838523954,-0.03310881890140149,1.3073759488033894,2020-07-17,0.3977459827655738,0.44254785768114746,True
Highs,2020-07-08,2020-07-17,0.6300214145614907,0.6524164989478031,-0.022395084386312325,1.2824379135092938,2020-07-18,0.332996636733969,0.21850151163856016,True
Highs,2020-07-09,2020-07-18,0.5658960701639771,0.6535585093752493,-0.08766243921127215,1.2194545795392264,2020-07-19,0.2774971972783076,0.07848805998230172,True
Highs,2020-07-10,2020-07-19,0.5636063765411142,0.6393243368769617,-0.07571796033584743,1.202930713418076,2020-07-21,0.9434904707462448,0.3139522399292038,True
Highs,2020-07-11,2020-07-21,0.6076231733507766,0.6427240070966765,-0.035100833745899895,1.250347180447453,2020-07-22,0.3052469170061387,0.3531962699203545,True
Highs,2020-07-12,2020-07-22,0.6076231733507766,0.6440918075874,-0.03646863423662339,1.2517149809381767,2020-07-23,1.8037317823089989,0.03924402999115102,False
Highs,2020-07-13,2020-07-23,0.5942267569304448,0.5471852534061968,0.04704150352424796,1.1414120103366416,2020-07-24,0.8324915918349229,0.235464179946903,True
Highs,2020-07-14,2020-07-24,0.557769366529398,0.4566349045213981,0.10113446200799991,1.0144042710507961,2020-07-25,0.48099514194906634,0.3695334782874749,True
Highs,2020-07-15,2020-07-25,0.5694242488150869,0.48839506720982107,0.08102918160526584,1.0578193160249079,2020-07-26,0.31449682358208175,0.2622801182278261,True
Highs,2020-07-16,2020-07-26,0.5457444879806714,0.4814396436075044,0.06430484437316702,1.0271841315881758,2020-07-28,0.4994949551009533,0.3329966367339683,True
Highs,2020-07-17,2020-07-28,0.5580776967485962,0.47533111782473186,0.08274657892386433,1.033408814573328,2020-07-29,0.2219977578226464,,True
Highs,2020-07-18,2020-07-29,0.5638743048695208,0.4794843228836437,0.08438998198587716,1.0433586277531646,2020-07-30,0.13874859863915434,0.0392440299911504,True
Highs,2020-07-19,2020-07-30,0.5776987106975676,0.5079852999644441,0.06971341073312354,1.0856840106620118,2020-07-31,0.485620095237038,0.4846280204618932,True
Highs,2020-07-21,2020-07-31,0.5873690675724176,0.5094280916445483,0.0779409759278693,1.0967971592169659,2020-08-02,0.31449682358208175,0.35681147436084787,True
Highs,2020-07-22,2020-08-02,0.5261346860396712,0.5000393751286837,0.02609531091098749,1.026174061168355,2020-08-03,0.7769921523792611,,True
Highs,2020-07-23,2020-08-03,0.554994394556615,0.5031014637053661,0.05189293085124891,1.0580958582619813,2020-08-04,0.14549493768675834,0.1812101450008158,True
Highs,2020-07-24,2020-08-04,0.38666209604350193,0.3343223100508488,0.052339785992653154,0.7209844060943507,2020-08-05,0.0029909877550961133,1.0791241798926196e-15,False
Highs,2020-07-25,2020-08-05,0.2748696976184494,0.3153896037905802,-0.04051990617213075,0.5902593014090296,2020-08-06,0.002990987755094654,6.280369834735101e-16,True
Highs,2020-07-26,2020-08-06,0.237381512046883,0.30481061704910156,-0.06742910500221858,0.5421921290959846,2020-08-08,0.0029909877550958752,1.0000814633844641e-15,True
Highs,2020-07-28,2020-08-08,0.17886845290966372,0.2902274312681444,-0.11135897835848066,0.4690958841778081,2020-08-09,0.002990987755095098,,True
Highs,2020-07-29,2020-08-09,0.1454050125647097,0.2702860831988313,-0.1248810706341216,0.415691095763541,2020-08-10,0.002990987755095098,8.881784197001252e-16,True
Highs,2020-07-30,2020-08-10,0.12465072653034101,0.25941591838641187,-0.13476519185607086,0.3840666449167529,2020-08-12,2.7749719727830753,,False
Highs,2020-07-31,2020-08-12,0.19551898334210066,0.5089863167593136,-0.31346733341721295,0.7045053001014143,2020-08-13,0.11099887891132276,,True
Highs,2020-08-02,2020-08-13,0.15890355534179104,0.49990141970457735,-0.34099786436278634,0.6588049750463684,2020-08-14,1.9239805677962651,1.1159850323084934,False
Highs,2020-08-03,2020-08-14,0.3009168268901014,0.7602057561869219,-0.45928892929682047,1.0611225830770232,2020-08-16,0.8255541619029649,0.5020760577564767,True
Highs,2020-08-04,2020-08-16,0.39167349407580254,0.7495546006530771,-0.35788110657727457,1.1412280947288798,2020-08-17,0.31449682358208203,0.11553129610427947,True
Highs,2020-08-05,2020-08-17,0.4172981804979579,0.761886015411467,-0.34458783491350914,1.179184195909425,2020-08-18,0.5272446748287845,0.4632347302745341,True
Highs,2020-08-06,2020-08-18,0.5100741895680506,0.7789840357441978,-0.2689098461761472,1.2890582253122485,2020-08-19,0.6659932734679375,,True
Highs,2020-08-08,2020-08-19,0.5435052034973592,0.7804503101984586,-0.23694510670109936,1.3239555136958177,2020-08-20,0.5133698149648688,0.44716386636000743,True
Highs,2020-08-09,2020-08-20,0.679104305813751,0.783278259023117,-0.10417395320936595,1.462382564836868,2020-08-21,0.25899738412642065,0.22429831416719725,True
Highs,2020-08-10,2020-08-21,0.661401049843953,0.7617488571402612,-0.10034780729630821,1.4231499069842142,2020-08-22,0.44399551564529194,,True
Highs,2020-08-12,2020-08-22,0.767423283507595,0.7588084572313957,0.008614826276199361,1.5262317407389907,2020-08-23,0.36074635646179987,0.3531962699203548,True
Highs,2020-08-13,2020-08-23,0.6733931987286929,0.6507858935852201,0.022607305143472756,1.324179092313913,2020-08-24,0.11099887891132276,,True
Highs,2020-08-14,2020-08-24,0.6733931987286927,0.6507858935852201,0.022607305143472645,1.324179092313913,2020-08-25,0.4717452353731231,0.5886604498672579,True
Highs,2020-08-16,2020-08-25,0.5301153354902841,0.4196900090060824,0.11042532648420172,0.9498053444963666,2020-08-26,0.9434904707462461,,True
Highs,2020-08-17,2020-08-26,0.44147281385185305,0.3427542784393838,0.09871853541246928,0.7842270922912369,2020-08-27,0.44399551564529194,,True
Highs,2020-08-18,2020-08-27,0.4606453474819906,0.35427326497113715,0.10637208251085345,0.8149186124531278,2020-08-28,0.18037317823090016,0.08324915918349193,True
Highs,2020-08-19,2020-08-28,0.39127104816241365,0.32133976168884393,0.06993128647356972,0.7126108098512576,2020-08-29,1.207112808160637,0.09811007497787567,False
Highs,2020-08-20,2020-08-29,0.45588825267150535,0.396206474036076,0.05968177863542934,0.8520947267075814,2020-08-31,1.49848486530286,,False
Highs,2020-08-21,2020-08-31,0.5010366061969442,0.45869541855228113,0.0423411876446631,0.9597320247492254,2020-09-01,0.41624579591746125,0.19622014995575196,True
Highs,2020-08-22,2020-09-01,0.5337740206470973,0.45655767814413833,0.077216342502959,0.9903316987912356,2020-09-02,0.49949495510095354,0.078488059982301,True
Highs,2020-08-23,2020-09-02,0.5314071327879588,0.41990774277797427,0.11149939000998454,0.9513148755659331,2020-09-03,0.8879910312905839,,True
Highs,2020-08-24,2020-09-03,0.568138998638219,0.42613551818629053,0.1420034804519285,0.9942745168245095,2020-09-04,0.6382435537401072,0.11773208997345055,True
Highs,2020-08-25,2020-09-04,0.5980064601347528,0.4016753327325896,0.19633112740216319,0.9996817928673424,2020-09-07,0.6104938340122766,0.48383289602076457,True
Highs,2020-08-26,2020-09-07,0.6118152492374114,0.3969738956702943,0.2148413535671171,1.0087891449077055,2020-09-09,0.6326936097945415,0.7676196468912595,True
Highs,2020-08-27,2020-09-09,0.602723912488484,0.4742902562902373,0.1284336561982467,1.0770141687787214,2020-09-10,0.16649831836698503,,True
Highs,2020-08-28,2020-09-10,0.5916240245973516,0.48135433112845644,0.1102696934688952,1.0729783557258081,2020-09-12,1.313486733783989,1.6504280434738903,False
Highs,2020-08-29,2020-09-12,0.7503986709734233,0.6999877313953689,0.050410939578054426,1.450386402368792,2020-09-13,0.950427900678203,1.2558856058739076,True
Highs,2020-08-31,2020-09-13,0.7460405419136038,0.7933247171726048,-0.04728417525900097,1.5393652590862086,2020-09-14,0.13874859863915434,0.03924402999114914,True
Highs,2020-09-01,2020-09-14,0.6731876452492277,0.7786520308009526,-0.10546438555172488,1.4518396760501804,2020-09-15,0.38849607618963056,0.30900780115827475,True
Highs,2020-09-02,2020-09-15,0.6610379663736827,0.7703587268287155,-0.1093207604550328,1.4313966932023983,2020-09-16,0.2774971972783078,,True
Highs,2020-09-03,2020-09-16,0.6715432174135043,0.8176362818479849,-0.14609306443448056,1.489179499261489,2020-09-17,0.5133698149648693,0.3341508746376528,True
Highs,2020-09-04,2020-09-17,0.6412167379966608,0.7795331637506976,-0.1383164257540368,1.4207499017473584,2020-09-18,0.41624579591746125,0.5101723898849564,True
Highs,2020-09-07,2020-09-18,0.6253597552950432,0.7875824120204025,-0.1622226567253593,1.4129421673154456,2020-09-19,0.5549943945566151,0.1569761199646022,True
Highs,2020-09-09,2020-09-19,0.6217992753828744,0.792102211885283,-0.17030293650240858,1.4139014872681575,2020-09-21,0.5457444879806715,0.16244057984715576,True
Highs,2020-09-10,2020-09-21,0.6035564040803191,0.7229784811166601,-0.119422077036341,1.3265348851969792,2020-09-22,1.1099887891132303,1.1773208997345144,True
Highs,2020-09-12,2020-09-22,0.6535537439347728,0.7499610189479545,-0.09640727501318169,1.4035147628827274,2020-09-23,1.7389824362773938,1.7943865133375725,False
Highs,2020-09-13,2020-09-23,0.6975705407444354,0.8218430532097161,-0.1242725124652807,1.5194135939541513,2020-09-24,0.22199775782264597,,True
Highs,2020-09-14,2020-09-24,0.6403781475653253,0.7500815696474339,-0.10970342208210859,1.3904597172127593,2020-09-26,0.2774971972783075,0.29367542940633296,True
Highs,2020-09-15,2020-09-26,0.6372157863427803,0.7371468588458875,-0.09993107250310718,1.374362645188668,2020-09-27,0.7399925260754863,0.6113341562737785,True
Highs,2020-09-16,2020-09-27,0.6762709474412086,0.7465157909266203,-0.07024484348541171,1.422786738367829,2020-09-29,0.9249906575943582,0.5156771066575783,True
Highs,2020-09-17,2020-09-29,0.7157513916005999,0.7319894309227117,-0.016238039322111875,1.4477408225233117,2020-09-30,0.24974747755047622,0.19622014995575196,True
Highs,2020-09-18,2020-09-30,0.7112150389503287,0.758949201398673,-0.047734162448344275,1.4701642403490016,2020-10-06,0.05087448616768775,,True
Highs,2020-09-19,2020-10-06,0.7085072671535249,0.7740199114943405,-0.0655126443408156,1.4825271786478653,2020-10-07,0.7214927129235997,0.23546417994690236,True
Highs,2020-09-21,2020-10-07,0.7213148301048312,0.7734962812231699,-0.05218145111833872,1.4948111113280012,2020-10-09,0.3144968235820819,0.3524687794055947,True
Highs,2020-09-22,2020-10-09,0.7140525706777318,0.8362330625890113,-0.12218049191127955,1.5502856332667432,2020-10-12,0.9712401904740764,0.1962201499557526,True
Highs,2020-09-23,2020-10-12,0.7019874751438924,0.7934996119260779,-0.0915121367821855,1.4954870870699701,2020-10-13,0.5272446748287845,0.5101723898849557,True
Highs,2020-09-24,2020-10-13,0.544693362233405,0.4344360717359352,0.11025729049746985,0.9791294339693402,2020-10-14,0.5549943945566147,0.0784880599823008,True
Highs,2020-09-26,2020-10-14,0.5596193478445867,0.4189025053556491,0.14071684248893757,0.9785218532002358,2020-10-15,0.591994020860389,0.5696020067983352,True
Highs,2020-09-27,2020-10-15,0.6006406726596407,0.42972557735100964,0.17091509530863108,1.0303662500106503,2020-10-16,2.3309764571377833,,False
Highs,2020-09-29,2020-10-16,0.6631302071468125,0.555380590611697,0.1077496165351155,1.2185107977585095,2020-10-18,1.1284886022651168,0.8639630617069124,True
Highs,2020-09-30,2020-10-18,0.6922013420997779,0.6146619179861967,0.07753942411358117,1.3068632600859746,2020-10-19,0.2774971972783069,,True
Highs,2020-10-06,2020-10-19,0.7157115213136345,0.6192982970516446,0.09641322426198984,1.335009818365279,2020-10-21,0.028680918376417175,,False
Highs,2020-10-07,2020-10-21,0.714601842924071,0.6205708480795952,0.09403099484447586,1.3351726910036663,2020-10-22,0.028680918376416287,0.0,False
Highs,2020-10-09,2020-10-22,0.6453206634693528,0.6531903251673945,-0.007869661698041708,1.2985109886367474,2020-10-23,0.16649831836698414,,True
Highs,2020-10-12,2020-10-23,0.673856728722655,0.6749425251668222,-0.0010857964441671752,1.348799253889477,2020-10-24,0.854691367617187,0.38968353512652665,True
Highs,2020-10-13,2020-10-24,0.6885903606735988,0.6440221269504672,0.04456823372313157,1.3326124876240661,2020-10-25,0.41624579591746125,0.1962201499557526,True
Highs,2020-10-14,2020-10-25,0.6780190388725205,0.6390402152200476,0.03897882365247285,1.317059254092568,2020-10-26,0.9018658911544988,1.015680177983721,True
Highs,2020-10-15,2020-10-26,0.7276467213838128,0.7188886276905603,0.008758093693252533,1.446535349074373,2020-10-27,1.7759820625811686,,False
Highs,2020-10-16,2020-10-27,0.7969464091346522,0.7636647381921087,0.03328167094254353,1.5606111473267608,2020-10-28,0.38849607618963056,0.23546417994690236,True
Highs,2020-10-18,2020-10-28,0.6900859221395078,0.6707605344826815,0.019325387656826343,1.3608464566221894,2020-10-29,0.9989899102019066,,True
Highs,2020-10-19,2020-10-29,0.6397707195237865,0.6250746395327547,0.01469607999103184,1.2648453590565412,2020-10-30,0.4162457959174617,0.1962201499557526,True
Highs,2020-10-21,2020-10-30,0.635733751668207,0.6095282020025485,0.026205549665658467,1.2452619536707554,2020-10-31,1.1099887891132294,0.86336865980531,True
Highs,2020-10-22,2020-10-31,0.7064411565855632,0.6228670555131613,0.08357410107240182,1.3293082120987245,2020-11-01,0.9434904707462453,,True
Highs,2020-10-23,2020-11-01,0.7822778132798001,0.5984951993790764,0.1837826139007237,1.3807730126588764,2020-11-03,0.6770931613590705,0.636915010509142,True
Highs,2020-10-24,2020-11-03,0.7858720626921668,0.5938007767399011,0.19207128595226575,1.3796728394320679,2020-11-04,0.2219977578226473,,True
Highs,2020-10-25,2020-11-04,0.7426353565257562,0.6367883380232692,0.10584701850248701,1.3794236945490255,2020-11-06,0.11099887891132276,,True
Highs,2020-10-26,2020-11-06,0.7436924887058641,0.6592406876310201,0.08445180107484407,1.4029331763368842,2020-11-08,0.8509914049868103,0.08477679411106273,True
Highs,2020-10-27,2020-11-08,0.7273347591820905,0.5326194638282649,0.1947152953538256,1.2599542230103553,2020-11-10,0.5549943945566147,0.0,True
Highs,2020-10-28,2020-11-10,0.6576683575495889,0.4570486536222695,0.20061970392731937,1.1147170111718583,2020-11-11,0.4254957024934048,0.21011748660799576,True
Highs,2020-10-29,2020-11-11,0.6501362907663206,0.44818773514183735,0.20194855562448327,1.098324025908158,2020-11-12,0.6937429931957686,0.039244029991149766,True
Highs,2020-10-30,2020-11-12,0.6382435537401074,0.4308340546436329,0.20740949909647455,1.0690776083837403,2020-11-13,0.9434904707462444,,True
Highs,2020-10-31,2020-11-13,0.6739217648187469,0.43745590234499343,0.23646586247375345,1.1113776671637403,2020-11-14,0.33299663673396895,0.2523038131257255,True
Highs,2020-11-01,2020-11-14,0.5767115665175261,0.37780372976867194,0.19890783674885415,0.954515296286198,2020-11-15,1.1654882285688917,,False
Highs,2020-11-03,2020-11-15,0.5863636429445976,0.3902314543296194,0.19613218861497822,0.976595097274217,2020-11-16,0.4624953287971791,0.3695334782874756,True
Highs,2020-11-04,2020-11-16,0.5470659032058063,0.3140923659080305,0.23297353729777576,0.8611582691138369,2020-11-17,0.8879910312905848,0.0784880599823008,False
Highs,2020-11-06,2020-11-17,0.5928349214582025,0.31319745651151487,0.2796374649466876,0.9060323779697174,2020-11-18,1.1099887891132296,1.1615172179494253,False
Highs,2020-11-08,2020-11-18,0.694852981984882,0.5277604699511809,0.16709251203370112,1.2226134519360627,2020-11-20,0.4035104172984086,0.44728122363943745,True
Highs,2020-11-10,2020-11-20,0.5951594867853965,0.5370766757174215,0.05808281106797508,1.132236162502818,2020-11-22,0.9712401904740764,0.9811007497787617,True
Highs,2020-11-11,2020-11-22,0.6220140542639427,0.5736837127920149,0.04833034147192783,1.1956977670559576,2020-11-23,0.4772951793186889,0.23415239157883702,True
Highs,2020-11-12,2020-11-23,0.6179522567059227,0.5588133537560686,0.05913890294985413,1.1767656104619912,2020-11-24,1.1654882285688912,0.9418567197876113,True
Highs,2020-11-13,2020-11-24,0.6465428770315665,0.597897291481181,0.04864558555038556,1.2444401685127475,2020-11-25,1.1734167199197,0.44449077013907445,True
Highs,2020-11-14,2020-11-25,0.7334959361726501,0.6109731592676622,0.12252277690498792,1.3444690954403122,2020-11-26,0.665993273467938,1.0646638450705885,True
Highs,2020-11-15,2020-11-26,0.7651080332784291,0.6768938811159918,0.08821415216243733,1.442001914394421,2020-11-27,0.30524691700613804,0.11773208997345118,True
Highs,2020-11-16,2020-11-27,0.7329104130873305,0.6727411204460609,0.06016929264126958,1.4056515335333915,2020-11-28,0.5549943945566147,,True
Highs,2020-11-17,2020-11-28,0.7491496242242468,0.6811775989816926,0.06797202524255419,1.4303272232059394,2020-11-29,0.8602413115627532,0.11773208997345118,True
Highs,2020-11-18,2020-11-29,0.7477265616741016,0.681056867459157,0.06666969421494462,1.4287834291332584,2020-11-30,0.49949495510095376,,True
Highs,2020-11-20,2020-11-30,0.7005798806649444,0.6102729299027844,0.09030695076216,1.3108528105677286,2020-12-03,0.3699962630377433,0.30566707813688954,True
Highs,2020-11-22,2020-12-03,0.756642357912185,0.6175829315989558,0.1390594263132292,1.3742252895111409,2020-12-04,0.6382435537401072,0.19622014995575135,True
Highs,2020-11-23,2020-12-04,0.7344425821299204,0.5889190127429974,0.145523569386923,1.3233615948729178,2020-12-05,0.5272446748287845,0.431684329902655,True
Highs,2020-11-24,2020-12-05,0.7667144784059903,0.6124384638852064,0.15427601452078388,1.3791529422911966,2020-12-09,0.7769921523792611,0.7063925398407084,True
Highs,2020-11-25,2020-12-09,0.7379369912808325,0.5891261254798883,0.14881086580094416,1.3270631167607208,2020-12-11,0.6474934603160504,0.5559186156707007,True
Highs,2020-11-26,2020-12-11,0.5936027002649011,0.5507996317505486,0.04280306851435256,1.1444023320154497,2020-12-12,0.6659932734679381,0.313952239929204,True
Highs,2020-11-27,2020-12-12,0.5903122196647632,0.3402063922166317,0.25010582744813153,0.9305186118813948,2020-12-14,0.776992152379262,,True
Highs,2020-11-28,2020-12-14,0.6263508167138941,0.33628394877637213,0.290066867937522,0.9626347654902663,2020-12-15,0.8324915918349225,0.8380231582811555,True
Highs,2020-11-29,2020-12-15,0.6563411970408665,0.4138514832018106,0.24248971383905588,1.070192680242677,2020-12-16,0.6012439274363336,0.6922614261160988,True
Highs,2020-11-30,2020-12-16,0.6324623621301426,0.4484208943964132,0.18404146773372942,1.0808832565265558,2020-12-17,0.8186167319710074,0.32480214202083485,True
Highs,2020-12-03,2020-12-17,0.664965506070611,0.4400073582877869,0.22495814778282408,1.1049728643583978,2020-12-19,0.38849607618963056,0.0784880599823008,True
Highs,2020-12-04,2020-12-19,0.6777335395066356,0.4354618489818133,0.24227169052482234,1.113195388488449,2020-12-26,0.44399551564529194,,True
Highs,2020-12-05,2020-12-26,0.6715432174135043,0.44500607413337334,0.22653714328013097,1.1165492915468778,2021-01-02,2.885970851694397,,False
Highs,2020-12-09,2021-01-02,0.775835914057268,0.6313331923524349,0.14450272170483314,1.407169106409703,2021-01-04,0.24281004761851932,0.3199251054585788,True
Highs,2020-12-11,2021-01-04,0.6937429931957688,0.6304501813128026,0.0632928118829662,1.3241931745085713,2021-01-11,0.6659932734679375,,True
Highs,2020-12-12,2021-01-11,0.6983679464837408,0.6363084563690447,0.062059490114696136,1.3346764028527853,2021-01-12,0.9157407510184153,1.0822390693853985,True
Highs,2020-12-14,2021-01-12,0.7323512989040554,0.7220619945902627,0.010289304313792713,1.454413293494318,2021-01-14,0.16649831836698473,0.09612784892879805,True
Highs,2020-12-15,2021-01-14,0.6626633071005985,0.7166433396771007,-0.05398003257650219,1.379306646777699,2021-01-15,0.5549943945566156,,True
Highs,2020-12-16,2021-01-15,0.6358305346333396,0.7016152245450453,-0.06578468991170572,1.3374457591783848,2021-01-17,0.2219977578226464,,True
Highs,2020-12-17,2021-01-17,0.6210651558133551,0.7083235514594686,-0.08725839564611348,1.3293887072728237,2021-01-18,0.5364945814047282,0.2622801182278255,True
Highs,2020-12-19,2021-01-18,0.5688692544205306,0.7132726392535975,-0.14440338483306692,1.2821418936741282,2021-01-19,0.7214927129235994,0.27749719727830735,True
Highs,2020-12-26,2021-01-19,0.607851003562007,0.6995409207115864,-0.0916899171495793,1.3073919242735934,2021-01-20,0.3329966367339692,,True
Highs,2021-01-02,2021-01-20,0.602565342661468,0.7012581405805578,-0.0986927979190898,1.303823483242026,2021-01-21,1.738982436277393,0.47201721304655214,False
Highs,2021-01-04,2021-01-21,0.6515151588273307,0.6355434633294891,0.01597169549784161,1.2870586221568199,2021-01-22,0.8324915918349225,,True
Highs,2021-01-11,2021-01-22,0.7423050027194726,0.6398528501222844,0.1024521525971882,1.382157852841757,2021-01-23,0.22199775782264597,,True
Highs,2021-01-12,2021-01-23,0.7201052269372081,0.6502574904790333,0.06984773645817488,1.3703627174162414,2021-01-25,0.4809951419490662,0.30566707813688954,True
Highs,2021-01-14,2021-01-25,0.6548933855768058,0.5548775413298102,0.10001584424699561,1.209770926906616,2021-01-27,0.2651223222645449,0.23966101530832098,True
Highs,2021-01-15,2021-01-27,0.6504220021663495,0.5429272766754556,0.1074947254908939,1.1933492788418052,2021-01-29,1.054489349657569,0.3139522399292032,True
Highs,2021-01-17,2021-01-29,0.6914930159205391,0.5466038331494292,0.14488918277110996,1.2380968490699682,2021-01-30,0.7769921523792611,0.470928359893806,True
Highs,2021-01-18,2021-01-30,0.7193405607472928,0.5339570340995557,0.18538352664773705,1.2532975948468486,2021-02-01,0.11099887891132276,,False
Highs,2021-01-19,2021-02-01,0.7164927634230892,0.5658821489238579,0.1506106144992313,1.2823749123469472,2021-02-03,0.2774971972783078,,True
Highs,2021-01-20,2021-02-03,0.6925982679153887,0.5977846536092429,0.09481361430614577,1.2903829215246316,2021-02-04,0.7769921523792607,0.07848805998230142,True
Highs,2021-01-21,2021-02-04,0.7190177379208469,0.5762569231280377,0.14276081479280922,1.2952746610488846,2021-02-07,0.7399925260754868,0.4485966283343921,True
Highs,2021-01-22,2021-02-07,0.5691692513905611,0.3767933014206331,0.19237594996992796,0.9459625528111941,2021-02-08,0.4347456090693483,0.38677442156479996,True
Highs,2021-01-23,2021-02-08,0.5263746836156955,0.3785255482754787,0.14784913534021682,0.9049002318911742,2021-02-09,0.6382435537401077,0.5101723898849564,True
Highs,2021-01-25,2021-02-09,0.5466867861557675,0.38056226298128987,0.16612452317447762,0.9272490491370573,2021-02-10,0.9989899102019084,,False
Highs,2021-01-27,2021-02-10,0.5737442051835276,0.39606145879593807,0.17768274638758957,0.9698056639794657,2021-02-13,0.6104938340122761,,True
Highs,2021-01-29,2021-02-13,0.6342793080647029,0.38593921865896696,0.24834008940573593,1.0202185267236699,2021-02-14,0.4439955156452924,0.3139522399292038,True
Highs,2021-01-30,2021-02-14,0.5761370381587719,0.36243989161237844,0.2136971465463935,0.9385769297711504,2021-02-17,1.0082398167778508,0.5246580930438468,False
Highs,2021-02-01,2021-02-17,0.6637732958897117,0.43919429193635545,0.22457900395335623,1.1029675878260672,2021-02-18,1.0729891628094557,0.5274880372580034,True
Highs,2021-02-03,2021-02-18,0.7297148521022161,0.450012641153824,0.2797022109483921,1.1797274932560402,2021-02-19,0.11099887891132365,,False
Highs,2021-02-04,2021-02-19,0.7235482477182538,0.4575258599686514,0.26602238774960235,1.1810741076869051,2021-02-20,0.19424803809481528,0.11773208997345182,False
Highs,2021-02-07,2021-02-20,0.680382017030517,0.4785624862213313,0.20181953080918574,1.1589445032518484,2021-02-22,0.8879910312905839,,True
Highs,2021-02-08,2021-02-22,0.6815331165155234,0.4823770850545136,0.1991560314610098,1.163910201570037,2021-02-23,0.8324915918349229,0.1569761199646022,True
Highs,2021-02-09,2021-02-23,0.7664208305781829,0.46850832246555874,0.29791250811262415,1.2349291530437416,2021-02-24,0.33299663673396873,0.3924402999115046,True
Highs,2021-02-10,2021-02-24,0.7373496956252172,0.48004379864606017,0.25730589697915707,1.2173934942712774,2021-02-26,0.019460842406530787,,False
Highs,2021-02-13,2021-02-26,0.6907054543016279,0.500502766517877,0.19020268778375093,1.191208220819505,2021-02-27,1.3319865469358758,,False
Highs,2021-02-14,2021-02-27,0.7250622501551325,0.5191377343120992,0.20592451584303328,1.2441999844672318,2021-02-28,0.3329966367339692,0.1569761199646016,True
Highs,2021-02-17,2021-02-28,0.7144909283540541,0.5226491317910175,0.19184179656303668,1.2371400601450717,2021-03-02,0.4994949551009533,0.23546417994690363,True
Highs,2021-02-18,2021-03-02,0.5855212061747024,0.4632970813608423,0.12222412481386008,1.0488182875355447,2021-03-04,0.554994394556615,0.22199775782264553,True
Highs,2021-02-19,2021-03-04,0.4941103647183188,0.3643706336919596,0.12973973102635922,0.8584809984102784,2021-03-05,0.3329966367339683,,True
Highs,2021-02-20,2021-03-05,0.5071690563549449,0.35360107834232024,0.15356797801262467,0.8607701346972652,2021-03-06,0.7214927129235997,,True
Highs,2021-02-22,2021-03-06,0.559679412173002,0.3457028415277041,0.2139765706452979,0.9053822537007061,2021-03-07,1.1377385088410596,0.9811007497787617,False
Highs,2021-02-23,2021-03-07,0.608373916538798,0.4524531736277272,0.15592074291107083,1.060827090166525,2021-03-08,1.2764871074802144,,False
Highs,2021-02-24,2021-03-08,0.6221162815606209,0.489467507711598,0.1326487738490229,1.111583789272219,2021-03-09,0.3607463564618003,0.35319626992035547,True
Highs,2021-02-26,2021-03-09,0.6255849965265999,0.4853638125762828,0.14022118395031713,1.1109488091028827,2021-03-10,0.27749719727830824,0.31395223992920507,True
Highs,2021-02-27,2021-03-10,0.6202878527397462,0.4681548350739269,0.15213301766581927,1.088442687813673,2021-03-11,2.2199775782264597,,False
Highs,2021-02-28,2021-03-11,0.672522619286251,0.5869844214256221,0.08553819786062888,1.2595070407118731,2021-03-12,0.13874859863915345,0.09612784892879898,True
Highs,2021-03-02,2021-03-12,0.5958887183660497,0.5922373894301189,0.0036513289359307866,1.1881261077961687,2021-03-13,1.664983183669845,,False
Highs,2021-03-04,2021-03-13,0.6659932734679379,0.655020640123193,0.010972633344744853,1.321013913591131,2021-03-14,0.6659932734679384,,True
Highs,2021-03-05,2021-03-14,0.686805563263811,0.6904793493395598,-0.003673786075748753,1.3772849126033708,2021-03-15,0.8879910312905839,,True
Highs,2021-03-06,2021-03-15,0.7214927129235995,0.6854424187046081,0.03605029421899142,1.4069351316282077,2021-03-17,0.11099887891132276,,True
Highs,2021-03-07,2021-03-17,0.6833368482978321,0.7022287586285978,-0.01889191033076565,1.38556560692643,2021-03-19,0.5411195346926996,0.39602133081379987,True
Highs,2021-03-08,2021-03-19,0.6012439274363329,0.6160334838581579,-0.014789556421825,1.2172774112944909,2021-03-21,0.4162457959174608,0.2747082099380534,True
Highs,2021-03-09,2021-03-21,0.546231325168879,0.5812778943830551,-0.03504656921417615,1.127509219551934,2021-03-22,0.7908670122431762,0.5311250927749203,True
Highs,2021-03-10,2021-03-22,0.6104938340122763,0.5868262040774909,0.02366762993478544,1.1973200380897673,2021-03-23,0.3329966367339683,,True
Highs,2021-03-11,2021-03-23,0.6299186378217578,0.5910035435447994,0.038915094276958384,1.2209221813665572,2021-03-24,0.4578703755092073,0.5368931362337879,True
Highs,2021-03-12,2021-03-24,0.5308642034889359,0.47028160434939964,0.060582599139536286,1.0011458078383355,2021-03-27,1.1284886022651166,0.39374626125792656,False
Highs,2021-03-13,2021-03-27,0.6836521860220119,0.4923631237151469,0.19128906230686504,1.1760153097371588,2021-03-29,0.7492424326514304,0.4316843299026556,True
Highs,2021-03-14,2021-03-29,0.6466891206137947,0.4416586085649468,0.20503051204884787,1.0883477291787416,2021-03-30,0.5549943945566147,,True
Highs,2021-03-15,2021-03-30,0.6418630824002589,0.44204436074528397,0.19981872165497494,1.0839074431455429,2021-03-31,1.2487373877523835,0.5101723898849555,False
Highs,2021-03-17,2021-03-31,0.6821806099758391,0.4753098963249217,0.20687071365091736,1.1574905063007608,2021-04-01,0.8324915918349225,1.0203447797699128,True
Highs,2021-03-19,2021-04-01,0.7170527577671464,0.4968982314681686,0.2201545262989778,1.213950989235315,2021-04-02,0.48099514194906634,0.5986054725171746,True
Highs,2021-03-21,2021-04-02,0.7168677596356275,0.5198371641026831,0.19703059553294444,1.2367049237383108,2021-04-03,0.11099887891132232,0.07848805998230142,False
Highs,2021-03-22,2021-04-03,0.6914305165517826,0.5390764703844467,0.15235404616733583,1.2305069869362293,2021-04-04,0.8324915918349226,0.09612784892879894,True
Highs,2021-03-23,2021-04-04,0.6925364836423846,0.5168169518042068,0.1757195318381778,1.2093534354465914,2021-04-07,1.054489349657569,,True
Highs,2021-03-24,2021-04-07,0.7239057320303672,0.5158974108892053,0.20800832114116197,1.2398031429195724,2021-04-10,0.5364945814047276,0.4165540120247936,True
Highs,2021-03-27,2021-04-10,0.7467197308579909,0.49513797334226,0.2515817575157309,1.241857704200251,2021-04-12,0.38849607618963056,,True
Highs,2021-03-29,2021-04-12,0.6715432174135041,0.4821210395528047,0.18942217786069937,1.1536642569663087,2021-04-13,0.3052469170061385,0.3531962699203548,True
Highs,2021-03-30,2021-04-13,0.6271436658489747,0.4905214573833727,0.13662220846560202,1.1176651232323476,2021-04-14,0.4717452353731231,0.039244029991149766,True
Highs,2021-03-31,2021-04-14,0.6157794949128157,0.4802881734877981,0.13549132142501757,1.0960676684006139,2021-04-15,1.2764871074802144,,False
Highs,2021-04-01,2021-04-15,0.5855190862572288,0.45711958811284104,0.12839949814438778,1.0426386743700697,2021-04-16,0.4162457959174608,0.1962201499557526,True
Highs,2021-04-02,2021-04-16,0.5438945066654826,0.38853780285063805,0.1553567038148445,0.9324323095161207,2021-04-18,2.2014777650745736,1.8409870415464258,False
Highs,2021-04-03,2021-04-18,0.8019669001343088,0.9127440118294329,-0.11077711169512405,1.7147109119637416,2021-04-19,0.6104938340122761,,True
Highs,2021-04-04,2021-04-19,0.8646228462566213,0.9076823157592968,-0.043059469502675474,1.7723051620159183,2021-04-20,1.4707351455750297,0.5886604498672565,True
Highs,2021-04-07,2021-04-20,0.9373238663622833,0.9638927951469723,-0.026568928784689083,1.9012166615092556,2021-04-21,0.44399551564529194,,True
Highs,2021-04-10,2021-04-21,0.90340754225049,0.970247326065062,-0.066839783814572,1.873654868315552,2021-04-22,2.2199775782264597,,False
Highs,2021-04-12,2021-04-22,1.0544893496575687,1.0526377426984925,0.0018516069590761575,2.107127092356061,2021-04-23,0.08324915918349252,0.039244029991149766,True
Highs,2021-04-13,2021-04-23,0.9794018727469679,1.0597597939173737,-0.08035792117040585,2.0391616666643415,2021-04-24,0.7399925260754867,0.19490762586075497,True
Highs,2021-04-14,2021-04-24,1.0144064211618131,1.0047419469331265,0.00966447422868666,2.01914836809494,2021-04-25,0.9434904707462453,,True
Highs,2021-04-15,2021-04-25,1.0740773871125078,1.015984882415561,0.05809250469694671,2.090062269528069,2021-04-26,0.2996969730605725,0.2438188346947951,True
Highs,2021-04-16,2021-04-26,0.8800625399397752,0.972632341930993,-0.09256980199121778,1.8526948818707683,2021-04-28,0.6752431800438812,0.12857037405803812,True
Highs,2021-04-18,2021-04-28,0.8680112330865458,0.8846431916484305,-0.016631958561884708,1.7526544247349762,2021-04-29,0.9434904707462453,0.7404548769647539,True
Highs,2021-04-19,2021-04-29,0.7413139413006213,0.5772048996790189,0.16410904162160245,1.3185188409796402,2021-04-30,0.32189674884283653,0.18573664995039998,True
Highs,2021-04-20,2021-04-30,0.6798681333318533,0.5644032538695837,0.11546487946226958,1.244271387201437,2021-05-01,0.3551964125162336,0.31785241729532043,True
Highs,2021-04-21,2021-05-01,0.5882940582300118,0.5120689151150413,0.07622514311497053,1.100362973345053,2021-05-02,0.11099887891132276,,True
Highs,2021-04-22,2021-05-02,0.5787798686090414,0.517889266377447,0.06089060223159437,1.0966691349864885,2021-05-04,1.3181116870719605,0.8009051786339264,False
Highs,2021-04-23,2021-05-04,0.6134148571415218,0.5324800554067652,0.08093480173475653,1.145894912548287,2021-05-05,0.9989899102019066,,True
Highs,2021-04-24,2021-05-05,0.6524934098165608,0.527553791616502,0.12493961820005883,1.1800472014330627,2021-05-07,0.5549943945566147,,True
Highs,2021-04-25,2021-05-07,0.6422077994155115,0.5403192175795621,0.1018885818359494,1.1825270169950737,2021-05-10,0.5549943945566147,0.44399551564529194,True
Highs,2021-04-26,2021-05-10,0.6269936673639597,0.533434159030458,0.09355950833350168,1.1604278263944177,2021-05-11,0.47174523537312263,0.0392440299911504,True
Highs,2021-04-28,2021-05-11,0.6659932734679377,0.5356530207589429,0.13034025270899474,1.2016462942268806,2021-05-13,0.8879910312905839,,True
Highs,2021-04-29,2021-05-13,0.6717345947909373,0.5804450032230707,0.09128959156786665,1.252179598014008,2021-05-14,0.5179947682528407,0.1396705263801926,True
Highs,2021-04-30,2021-05-14,0.5912824895853166,0.4976272513157576,0.09365523826955902,1.0889097409010742,2021-05-17,0.33299663673396873,0.3139522399292038,True
Highs,2021-05-01,2021-05-17,0.6273849677596516,0.5175114166202761,0.10987355113937547,1.1448963843799276,2021-05-18,0.05549943945566227,,False
Highs,2021-05-02,2021-05-18,0.6689142965971832,0.5483170116175219,0.12059728497966127,1.217231308214705,2021-05-19,1.0862033150608037,0.6839482324124558,True
Highs,2021-05-04,2021-05-19,0.8080718384744315,0.6000680394246128,0.2080037990498187,1.4081398778990444,2021-05-20,0.7353675727875151,0.6787818172350669,True
Highs,2021-05-05,2021-05-20,0.71483278018892,0.5347542114486639,0.18007856874025618,1.249586991637584,2021-05-21,0.29137205714222336,,True
Highs,2021-05-07,2021-05-21,0.6865280660665327,0.5378055096205487,0.14872255644598398,1.2243335756870815,2021-05-22,0.22199775782264553,,True
Highs,2021-05-10,2021-05-22,0.673208200597174,0.5452708126247326,0.12793738797244136,1.2184790132219065,2021-05-24,0.5827441142844458,0.510172389884957,True
Highs,2021-05-11,2021-05-24,0.68044625249285,0.5506867133706503,0.12975953912219962,1.2311329658635004,2021-05-26,0.6659932734679384,0.23546417994690363,True
Highs,2021-05-13,2021-05-26,0.6966335890007512,0.5491418131582538,0.1474917758424974,1.245775402159005,2021-05-27,0.22199775782264553,,True
Highs,2021-05-14,2021-05-27,0.6688838692729204,0.5558379959042635,0.1130458733686569,1.2247218651771838,2021-05-30,0.3329966367339692,0.3924402999115039,True
Highs,2021-05-17,2021-05-30,0.6593574709243264,0.5790364043134293,0.08032106661089711,1.2383938752377557,2021-06-01,0.38849607618963056,,True
Highs,2021-05-18,2021-06-01,0.6767147560900546,0.5827430417061654,0.09397171438388918,1.25945779779622,2021-06-02,0.9157407510184141,0.11773208997345182,True
Highs,2021-05-19,2021-06-02,0.7245089868070593,0.5568196663528777,0.1676893204541816,1.281328653159937,2021-06-03,0.4717452353731233,0.5886604498672575,True
Highs,2021-05-20,2021-06-03,0.5557652201046105,0.4242882189075168,0.1314770011970937,0.9800534390121273,2021-06-04,0.7125731601539395,0.37011290084110804,True
Highs,2021-05-21,2021-06-04,0.5738245615147859,0.3561081029670291,0.21771645854775679,0.929932664481815,2021-06-09,0.9989899102019066,,False
Highs,2021-05-22,2021-06-09,0.6075206497557231,0.3614831823789228,0.24603746737680027,0.9690038321346459,2021-06-10,0.8879910312905841,0.7487283726028148,True
Highs,2021-05-24,2021-06-10,0.6790356417400184,0.4551835229261001,0.2238521188139183,1.1342191646661184,2021-06-11,0.38849607618963056,,True
Highs,2021-05-26,2021-06-11,0.6749541204633833,0.45577465793150923,0.2191794625318741,1.1307287783948925,2021-06-12,0.6382435537401068,0.0392440299911504,True
Highs,2021-05-27,2021-06-12,0.6726416438193974,0.45331175102717103,0.21932989279222637,1.1259533948465683,2021-06-13,1.026739629929738,1.324643463456804,True
Highs,2021-05-30,2021-06-13,0.7417911190208089,0.6251062523316516,0.11668486668915723,1.3668973713524606,2021-06-14,0.2219977578226464,,True
Highs,2021-06-01,2021-06-14,0.7532447960737134,0.6304995648370606,0.12274523123665282,1.383744360910774,2021-06-15,0.41624579591746125,0.19622014995575196,True
Highs,2021-06-02,2021-06-15,0.741791119020809,0.6222569918298785,0.11953412719093048,1.3640481108506874,2021-06-21,0.24974747755047577,0.039244029991149766,True
Highs,2021-06-03,2021-06-21,0.6924582839491097,0.6328495804518969,0.05960870349721281,1.3253078644010066,2021-06-22,0.4717452353731222,0.5886604498672579,True
Highs,2021-06-04,2021-06-22,0.6924582839491096,0.6328495804518971,0.05960870349721248,1.3253078644010068,2021-06-23,0.16649831836698503,,True
Highs,2021-06-09,2021-06-23,0.6607076125673986,0.7015587445860324,-0.04085113201863377,1.362266357153431,2021-06-24,0.2774971972783078,,True
Highs,2021-06-10,2021-06-24,0.6263508167138939,0.7018304842961743,-0.07547966758228042,1.3281813010100683,2021-06-25,1.5401094448946067,1.5901501454192506,False
Highs,2021-06-11,2021-06-25,0.743692488705864,0.971077434119862,-0.227384945413998,1.714769922825726,2021-06-26,0.7492424326514304,0.667148509849558,True
Highs,2021-06-12,2021-06-26,0.7611351696776435,0.9547102004026149,-0.1935750307249714,1.7158453700802583,2021-06-27,0.8879910312905839,,True
Highs,2021-06-13,2021-06-27,0.7797671243520441,0.9789047574110133,-0.19913763305896925,1.7586718817630573,2021-06-28,1.1793630884328066,1.1591945130038201,True
Highs,2021-06-14,2021-06-28,0.8102918160526578,0.9555952051657385,-0.14530338911308072,1.7658870212183961,2021-06-29,0.24049757097453295,0.22429831416719656,True
Highs,2021-06-15,2021-06-29,0.7593332398251867,0.9263723065571056,-0.16703906673191882,1.6857055463822923,2021-07-01,1.2071128081606375,1.1802605320252155,True
Highs,2021-06-21,2021-07-01,0.8625537882067391,0.9884753675305962,-0.12592157932385706,1.8510291557373353,2021-07-02,1.054489349657569,0.5794311589898284,True
Highs,2021-06-22,2021-07-02,0.9346105604333396,0.9654988501840422,-0.03088828975070268,1.900109410617382,2021-07-03,0.2774971972783078,,True
Highs,2021-06-23,2021-07-03,0.9458029473902313,0.9786035852584238,-0.03280063786819254,1.9244065326486552,2021-07-04,0.22199775782264553,,True
Highs,2021-06-24,2021-07-04,0.9481154240342174,0.9767458033278082,-0.028630379293590802,1.9248612273620256,2021-07-09,0.5827441142844456,0.37777687480181404,True
Highs,2021-06-25,2021-07-09,0.918824053210396,0.9288533226862635,-0.010029269475867575,1.8476773758966596,2021-07-11,0.38849607618963056,,True
Highs,2021-06-26,2021-07-11,0.7931794888871622,0.7577035290138863,0.0354759598732759,1.5508830179010484,2021-07-13,0.3329966367339692,0.31720571791267094,True
Highs,2021-06-27,2021-07-13,0.725761900574035,0.7426020906988178,-0.016840190124782772,1.4683639912728528,2021-07-14,0.24049757097453264,0.2737722337589902,True
Highs,2021-06-28,2021-07-14,0.6679753963056403,0.7334084652292351,-0.0654330689235948,1.4013838615348755,2021-07-17,0.11099887891132276,,True
Highs,2021-06-29,2021-07-17,0.5638743048695207,0.6286562071159597,-0.06478190224643898,1.1925305119854803,2021-07-18,0.44399551564529105,,True
Highs,2021-07-01,2021-07-18,0.6008417575852049,0.6415042454886515,-0.04066248790344662,1.2423460030738562,2021-07-20,0.7214927129235988,0.23546417994690363,True
Highs,2021-07-02,2021-07-20,0.4968521246506838,0.40384230729937987,0.09300981735130393,0.9006944319500636,2021-07-23,0.2774971972783078,,True
Highs,2021-07-03,2021-07-23,0.39725914557736636,0.2903133880606226,0.10694575751674373,0.687572533637989,2021-07-24,0.06522986065892648,0.07680027122004357,False
Highs,2021-07-04,2021-07-24,0.3192419055268838,0.2983725527639161,0.020869352762967697,0.6176144582907999,2021-07-25,0.37768449707489093,0.4862182417085392,True
Highs,2021-07-09,2021-07-25,0.3278070787588939,0.3081903441932194,0.019616734565674532,0.6359974229521133,2021-07-27,0.4439955156452915,0.3924402999115046,True
Highs,2021-07-11,2021-07-27,0.2935735453532673,0.281674186579023,0.011899358774244306,0.5752477319322903,2021-07-28,0.49949495510095376,0.3360657950402914,True
Highs,2021-07-13,2021-07-28,0.3216028956668974,0.29829420127871015,0.02330869438818728,0.6198970969456076,2021-07-29,0.16649831836698414,,True
Highs,2021-07-14,2021-07-29,0.31287769820741046,0.29729190983811166,0.015585788369298803,0.6101696080455221,2021-07-30,1.054489349657569,,False
Highs,2021-07-17,2021-07-30,0.3585325569287815,0.33800973247445854,0.020522824454322963,0.69654228940324,2021-07-31,0.1479985052150973,0.16021308154799768,True
Highs,2021-07-18,2021-07-31,0.34183392748862523,0.3304016474348283,0.011432280053796928,0.6722355749234535,2021-08-01,1.359736266663707,,False
Highs,2021-07-20,2021-08-01,0.3816487427502955,0.3925941463801042,-0.010945403629808725,0.7742428891303996,2021-08-02,0.3329966367339692,,True
Highs,2021-07-23,2021-08-02,0.3485423770065258,0.3831378410589155,-0.034595464052389724,0.7316802180654414,2021-08-03,0.5827441142844461,0.5294309095342187,True
Highs,2021-07-24,2021-08-03,0.38885646216012176,0.4131838641904674,-0.024327402030345613,0.8020403263505891,2021-08-06,1.4984848653028604,0.7063925398407077,False
Highs,2021-07-25,2021-08-06,0.5870001009835812,0.5280372683958366,0.058962832587744596,1.1150373693794178,2021-08-07,0.8386581962188842,9.42055475210265e-16,True
Highs,2021-07-27,2021-08-07,0.630902358044914,0.5166537010303676,0.11424865701454645,1.1475560590752816,2021-08-08,0.4162457959174617,,True
Highs,2021-07-28,2021-08-08,0.6388602141785036,0.5211098531262928,0.11775036105221082,1.1599700673047963,2021-08-09,0.2774971972783078,,True
Highs,2021-07-29,2021-08-09,0.6503953917908566,0.5517791648636203,0.09861622692723626,1.202174556654477,2021-08-10,0.36999626303774374,0.06408523261919939,True
Highs,2021-07-30,2021-08-10,0.6315901121679374,0.5203937231012539,0.1111963890666835,1.1519838352691911,2021-08-11,1.3319865469358767,,False
Highs,2021-07-31,2021-08-11,0.6461952278141642,0.5365647837496677,0.10963044406449651,1.1827600115638317,2021-08-12,0.05549943945566227,,False
Highs,2021-08-01,2021-08-12,0.6993654854282053,0.5412460531054801,0.15811943232272518,1.2406115385336856,2021-08-13,0.8879910312905839,,True
Highs,2021-08-02,2021-08-13,0.6716157657003744,0.5168145139828888,0.1548012517174856,1.188430279683263,2021-08-16,0.8324915918349219,0.6728949425015892,True
Highs,2021-08-03,2021-08-16,0.7148392713514296,0.532635694736261,0.1822035766151685,1.2474749660876907,2021-08-17,1.2209876680245522,,True
Highs,2021-08-06,2021-08-17,0.7794973354102457,0.5406922642332861,0.2388050711769596,1.3201895996435318,2021-08-18,0.8324915918349225,0.0784880599823008,True
Highs,2021-08-07,2021-08-18,0.6962481762267534,0.42842624494091947,0.2678219312858339,1.124674421167673,2021-08-19,0.6215937219034089,0.2614960204546455,True
Highs,2021-08-08,2021-08-19,0.6616117387740699,0.4076536944066837,0.25395804436738617,1.0692654331807536,2021-08-20,0.05549943945566049,,False
Highs,2021-08-09,2021-08-20,0.6426250884339751,0.42762820888925973,0.2149968795447154,1.0702532973232348,2021-08-27,0.38849607618963056,,True
Highs,2021-08-10,2021-08-27,0.648467134692466,0.4230970894658363,0.22537004522662968,1.0715642241583023,2021-08-28,0.6798681333318537,0.43079149682709783,True
Highs,2021-08-11,2021-08-28,0.6965179651685519,0.42894356890468927,0.26757439626386265,1.1254615340732412,2021-08-30,0.16649831836698503,,False
Highs,2021-08-12,2021-08-30,0.6382435537401071,0.4170725979859846,0.2211709557541225,1.0553161517260916,2021-09-05,1.664983183669845,,False
Highs,2021-08-13,2021-09-05,0.7187177409508163,0.4524857169374406,0.2662320240133757,1.1712034578882569,2021-09-06,0.6659932734679384,,True
Highs,2021-08-16,2021-09-06,0.707617853059684,0.4508346311967797,0.25678322186290437,1.1584524842564639,2021-09-07,0.05549943945566138,,False
Highs,2021-08-17,2021-09-07,0.650576762508032,0.43899095173594166,0.21158581077209032,1.0895677142439737,2021-09-09,1.0822390693853992,0.8241246298141601,True
Highs,2021-08-18,2021-09-09,0.6659932734679381,0.4712915904606453,0.19470168300729285,1.1372848639285835,2021-09-10,1.1654882285688917,,False
Highs,2021-08-19,2021-09-10,0.6752431800438816,0.4961282506738701,0.1791149293700115,1.1713714307177518,2021-09-11,0.47174523537312263,0.5886604498672572,True
Highs,2021-08-20,2021-09-11,0.665993273467938,0.555786678178473,0.11020659528946497,1.2217799516464112,2021-09-12,0.8324915918349228,0.2774971972783078,True
Highs,2021-08-27,2021-09-12,0.7312867316510693,0.5072339434415517,0.22405278820951757,1.238520675092621,2021-09-13,0.5827441142844458,0.46268028994386406,True
Highs,2021-08-28,2021-09-13,0.7063565021629649,0.4970463372871883,0.20931016487577658,1.203402839450153,2021-09-14,0.16649831836698445,0.19225569785759636,False
Highs,2021-08-30,2021-09-14,0.634279308064703,0.5228658210351452,0.11141348702955778,1.1571451290998482,2021-09-15,0.2774971972783078,0.07848805998229953,True
Highs,2021-09-05,2021-09-15,0.6231073429794723,0.5120898230752327,0.11101751990423969,1.1351971660547049,2021-09-16,0.6770931613590704,0.41606075665696496,True
Highs,2021-09-06,2021-09-16,0.5934170834105346,0.45190838513720055,0.141508698273334,1.0453254685477351,2021-09-18,0.05549943945566049,,False
Highs,2021-09-07,2021-09-18,0.5699365513331393,0.4636931348292725,0.10624341650386676,1.0336296861624117,2021-09-19,0.887991031290583,,True
Highs,2021-09-09,2021-09-19,0.6019554587114055,0.4554180813787243,0.14653737733268124,1.0573735400901298,2021-09-20,0.3607463564618003,0.11773208997345182,True
Highs,2021-09-10,2021-09-20,0.546456019255744,0.4047099824360632,0.14174603681968084,0.9511660016918073,2021-09-21,0.35519641251623374,0.30041554878343796,True
Highs,2021-09-11,2021-09-21,0.4939450111553873,0.3793247351144851,0.11462027604090219,0.8732697462698724,2021-09-22,1.5539843047585205,,False
Highs,2021-09-12,2021-09-22,0.5320291092646171,0.41862211679426375,0.11340699247035335,0.9506512260588809,2021-09-23,1.13773850884106,0.274708209938054,False
Highs,2021-09-13,2021-09-23,0.5431016575304017,0.4425432544008699,0.10055840312953185,0.9856449119312716,2021-09-24,0.7214927129235993,0.3139522399292038,True
Highs,2021-09-14,2021-09-24,0.5480569646246573,0.43587151024775667,0.11218545437690058,0.983928474872414,2021-09-25,0.7492424326514309,0.7456365698318581,True
Highs,2021-09-15,2021-09-25,0.6153198722258122,0.4467972943524943,0.16852257787331787,1.0621171665783065,2021-09-26,0.4994949551009535,0.47999796451231885,True
Highs,2021-09-16,2021-09-26,0.6146049036015846,0.4553051508729135,0.15929975272867108,1.0699100544744982,2021-09-27,0.16649831836698548,0.07848805998230016,True
Highs,2021-09-18,2021-09-27,0.5642443011325585,0.46740788435727226,0.09683641677528626,1.0316521854898308,2021-09-28,0.19424803809481528,0.08324915918349252,True
Highs,2021-09-19,2021-09-28,0.5411195346926997,0.4550446390226811,0.08607489567001858,0.9961641737153808,2021-09-29,0.9365530408142877,0.6131683462827681,True
Highs,2021-09-20,2021-09-29,0.5837010011716125,0.49124969606666463,0.09245130510494787,1.0749506972382772,2021-09-30,0.5549943945566147,0.2883835467863957,True
Highs,2021-09-21,2021-09-30,0.5956939834907667,0.484531213034957,0.11116277045580975,1.0802251965257237,2021-10-01,0.2682472907023639,0.14648768389612835,True
Highs,2021-09-22,2021-10-01,0.5711071350437427,0.47923662563439995,0.09187050940934272,1.0503437606781425,2021-10-02,0.38849607618963033,0.0906302051179057,True
Highs,2021-09-23,2021-10-02,0.5207153290104711,0.4262477621844481,0.09446756682602303,0.9469630911949192,2021-10-05,0.44399551564529194,,True
Highs,2021-09-24,2021-10-05,0.48099514194906634,0.3997107684779627,0.08128437347110362,0.8807059104270291,2021-10-06,0.6659932734679379,0.23546417994690175,True
Highs,2021-09-25,2021-10-06,0.4776315395578142,0.3961483631095651,0.0814831764482491,0.8737799026673793,2021-10-08,0.1387485986391539,0.03924402999115102,True
Highs,2021-09-26,2021-10-08,0.44063191325403983,0.375183341514454,0.06544857173958585,0.8158152547684938,2021-10-09,0.7214927129235988,,True
Highs,2021-09-27,2021-10-09,0.4380491471321854,0.3553984673403907,0.08265067979179469,0.7934476144725762,2021-10-11,0.41624579591746125,0.3531962699203548,True
Highs,2021-09-28,2021-10-11,0.455888252671505,0.3534730153261209,0.1024152373453841,0.8093612679976259,2021-10-12,0.30524691700613826,0.1949076258607543,True
Highs,2021-09-29,2021-10-12,0.4621763665014568,0.34629825778045786,0.11587810872099896,0.8084746242819147,2021-10-14,0.3329966367339692,,True
Highs,2021-09-30,2021-10-14,0.384226888539195,0.21803473191172967,0.16619215662746534,0.6022616204509247,2021-10-15,0.277497197278306,,True
Highs,2021-10-01,2021-10-15,0.35843387981781377,0.20109357202989506,0.15734030778791872,0.5595274518477088,2021-10-16,0.5836691049420399,0.8228164954811222,False
Highs,2021-10-02,2021-10-16,0.4080133790648713,0.28128648995227207,0.12672688911259922,0.6892998690171434,2021-10-19,0.4069958893415177,0.25026083364725116,True
Highs,2021-10-05,2021-10-19,0.41196162866123465,0.29834007322251715,0.11362155543871749,0.7103017018837519,2021-10-20,0.9101908070728488,0.6514981781012167,False
Highs,2021-10-06,2021-10-20,0.5188795419253222,0.44092537858810466,0.0779541633372175,0.9598049205134268,2021-10-22,0.30524691700613826,0.1664983183669845,True
Highs,2021-10-08,2021-10-22,0.4729292234148435,0.4277528861225801,0.04517633729226339,0.9006821095374236,2021-10-23,0.7214927129235994,0.4876376693895902,True
Highs,2021-10-09,2021-10-23,0.5474030919184267,0.44582420708969034,0.1015788848287364,0.993227299008117,2021-10-25,0.4467704876180747,0.6660163978329201,True
Highs,2021-10-11,2021-10-25,0.5293837157244712,0.4716409905429091,0.05774272518156209,1.0010247062673803,2021-10-26,0.30524691700613804,0.2747082099380534,True
Highs,2021-10-12,2021-10-26,0.5224462857925134,0.4724627678003247,0.0499835179921887,0.9949090535928381,2021-10-28,0.2774971972783078,,True
Highs,2021-10-14,2021-10-28,0.543958299124627,0.4878437866841237,0.056114512440503306,1.0318020858087507,2021-10-29,0.3107968609517041,0.1277693047387788,True
Highs,2021-10-15,2021-10-29,0.5150235861405678,0.4653208551518327,0.04970273098873507,0.9803444412924005,2021-10-31,0.7769921523792611,,True
Highs,2021-10-16,2021-10-31,0.5301597969012027,0.4654769136001933,0.06468288330100946,0.995636710501396,2021-11-01,0.6844930866198258,0.21011748660799526,True
Highs,2021-10-19,2021-11-01,0.5406298337563261,0.4406150873689596,0.10001474638736652,0.9812449211252857,2021-11-02,0.832491591834922,0.5494164198761075,True
Highs,2021-10-20,2021-11-02,0.5704669655563752,0.45657304101158414,0.11389392454479108,1.0270400065679595,2021-11-03,0.6437934976856733,0.6061900709688274,True
Highs,2021-10-22,2021-11-03,0.5301037368613485,0.4271567124123759,0.10294702444897258,0.9572604492737244,2021-11-04,0.9434904707462444,,True
Highs,2021-10-23,2021-11-04,0.5738642039715398,0.44205020904513725,0.13181399492640256,1.015914413016677,2021-11-05,0.30524691700613804,0.2747082099380534,True
Highs,2021-10-25,2021-11-05,0.5191332182929567,0.42374606938170994,0.09538714891124672,0.9428792876746666,2021-11-08,0.49487000181298174,0.5150389595929289,True
Highs,2021-10-26,2021-11-08,0.5214261852084326,0.4189111155062168,0.10251506970221586,0.9403373007146494,2021-11-09,1.0914889759613422,1.208733112365618,False
Highs,2021-10-28,2021-11-09,0.5883807761041613,0.5342826667160079,0.054098109388153404,1.1226634428201692,2021-11-10,0.33299663673396906,0.23546417994690327,True
Highs,2021-10-29,2021-11-10,0.5680764052854493,0.5191999903710529,0.04887641491439643,1.0872763956565024,2021-11-12,0.1109988789113232,0.07848805998230142,True
Highs,2021-10-31,2021-11-12,0.5797089886892142,0.5444363638084903,0.03527262488072391,1.1241453524977043,2021-11-14,0.1387485986391539,0.11773208997345055,True
Highs,2021-11-01,2021-11-14,0.547005838877391,0.545357639037684,0.0016481998397069875,1.0923634779150748,2021-11-15,0.11099887891132365,,True
Highs,2021-11-02,2021-11-15,0.5196358807098629,0.563889797525779,-0.04425391681591606,1.0835256782356417,2021-11-16,0.1331986546935875,0.09286832497520003,True
Highs,2021-11-03,2021-11-16,0.4444035997589365,0.5402094319547038,-0.09580583219576733,0.9846130317136403,2021-11-17,0.5827441142844458,0.11773208997345182,True
Highs,2021-11-04,2021-11-17,0.42116913328852795,0.5163016019180077,-0.09513246862947972,0.9374707352065357,2021-11-18,0.44399551564529194,,True
Highs,2021-11-05,2021-11-18,0.40505639280140043,0.5071710282168049,-0.1021146354154045,0.9122274210182053,2021-11-19,0.4162457959174617,0.11773208997345055,True
Highs,2021-11-08,2021-11-19,0.4122176107956793,0.5044405009019401,-0.09222289010626084,0.9166581116976195,2021-11-20,0.7584923392273742,0.3345347356196353,True
Highs,2021-11-09,2021-11-20,0.42401571744125394,0.5012595979115431,-0.07724388047028913,0.9252753153527971,2021-11-22,0.4578703755092077,0.4087788975218457,True
Highs,2021-11-10,2021-11-22,0.35220798116092894,0.2928108801614436,0.059397100999485364,0.6450188613223725,2021-11-24,0.5549943945566147,,True
Highs,2021-11-12,2021-11-24,0.3643658851219518,0.3025175756266984,0.061848309495253384,0.6668834607486502,2021-11-25,0.776992152379261,0.3950479053413144,False
Highs,2021-11-14,2021-11-25,0.4506554483799715,0.34411144350583955,0.10654400487413196,0.7947668918858111,2021-11-26,0.05549943945566049,,False
Highs,2021-11-15,2021-11-26,0.46018285215319343,0.34812801241505736,0.11205483973813607,0.8083108645682509,2021-11-27,1.6788580435337601,0.7983371393858516,False
Highs,2021-11-16,2021-11-27,0.6536600647000134,0.6047094962830882,0.04895056841692513,1.2583695609831016,2021-11-28,0.7769921523792611,1.0203447797699128,True
Highs,2021-11-17,2021-11-28,0.7723671990912893,0.6203766848274155,0.15199051426387378,1.3927438839187047,2021-11-29,0.3329966367339692,,True
Highs,2021-11-18,2021-11-29,0.7697530950589574,0.6381457855963809,0.13160730946257648,1.4078988806553383,2021-11-30,0.4994949551009533,,True
Highs,2021-11-19,2021-11-30,0.7721661141657252,0.6369618406330296,0.1352042735326956,1.409127954798755,2021-12-01,1.054489349657568,,True
Highs,2021-11-20,2021-12-01,0.8173553810742876,0.6434064842376683,0.1739488968366193,1.460761865311956,2021-12-02,0.8047418721070916,0.43168432990265526,True
Highs,2021-11-22,2021-12-02,0.8245631004841139,0.6574483636637,0.1671147368204139,1.482011464147814,2021-12-03,0.7214927129235993,,True
Highs,2021-11-24,2021-12-03,0.9003242400585086,0.6647830357361979,0.23554120432231074,1.5651072757947064,2021-12-05,0.860241311562753,0.5101723898849555,True
Highs,2021-11-25,2021-12-05,0.9142802394537919,0.6520674836114932,0.26221275584229864,1.5663477230652851,2021-12-06,0.9989899102019075,,True
Highs,2021-11-26,2021-12-06,0.9538966156441819,0.6876016216514983,0.26629499399268364,1.6414982372956803,2021-12-08,0.9434904707462456,0.6954059831804323,True
Highs,2021-11-27,2021-12-08,1.002073212393888,0.6512679249508035,0.3508052874430845,1.6533411373446916,2021-12-10,0.3699962630377433,0.30566707813688976,True
Highs,2021-11-28,2021-12-10,0.731286731651069,0.4746886612958868,0.25659807035518223,1.2059753929469559,2021-12-13,0.985115050337992,0.25508619494247786,True
Highs,2021-11-29,2021-12-13,0.7557717784697434,0.414104648746733,0.34166712972301044,1.1698764272164763,2021-12-14,0.5272446748287841,0.29192212759061237,True
Highs,2021-11-30,2021-12-14,0.7312051148283402,0.398514838674043,0.33269027615429714,1.1297199535023832,2021-12-15,0.33299663673396895,0.31395223992920346,True
Highs,2021-12-01,2021-12-15,0.704314314996847,0.41014012445050957,0.2941741905463375,1.1144544394473566,2021-12-16,0.5734942077085016,0.46212518441711836,True
Highs,2021-12-02,2021-12-16,0.6720258212348575,0.4098868122735644,0.26213900896129316,1.081912633508422,2021-12-18,0.5771941703388792,0.3226613502735817,True
Highs,2021-12-03,2021-12-18,0.6435800383031516,0.3957245650921222,0.24785547321102935,1.0393046033952738,2021-12-19,1.365286210609273,0.3936158601080494,False
Highs,2021-12-05,2021-12-19,0.7612673112001568,0.48128426798003826,0.2799830432201185,1.242551579180195,2021-12-20,1.054489349657569,,True
Highs,2021-12-06,2021-12-20,0.7645526228460954,0.48267115534219274,0.28188146750390264,1.247223778188288,2021-12-21,0.5549943945566147,0.0784880599823008,True
Highs,2021-12-08,2021-12-21,0.7427674980482697,0.475176610493885,0.2675908875543847,1.2179441085421547,2021-12-22,1.8592312217646603,1.7659813496017696,False
Highs,2021-12-10,2021-12-22,0.7990005507840922,0.6262106421898693,0.17278990859422283,1.4252111929739615,2022-01-08,0.4439955156452928,,True
Highs,2021-12-13,2022-01-08,0.8335193592322493,0.6304690417650467,0.2030503174672026,1.4639884009972959,2022-01-10,0.38849607618962967,,True
Highs,2021-12-14,2022-01-10,0.8047418721070915,0.6449884972247949,0.15975337488229657,1.4497303693318864,2022-01-11,0.6104938340122761,0.07848805998230204,True
Highs,2021-12-15,2022-01-11,0.8348040684789083,0.65595980111581,0.17884426736309833,1.4907638695947183,2022-01-13,1.3874859863915372,,True
Highs,2021-12-16,2022-01-13,0.9024691459311912,0.6569377288085612,0.24553141712263005,1.5594068747397523,2022-01-15,0.8721340485889663,0.8720739821920781,True
Highs,2021-12-18,2022-01-15,0.9311572619783206,0.7149497976183297,0.21620746435999094,1.6461070595966503,2022-01-18,0.9804900970500192,0.22429831416719734,True
Highs,2021-12-19,2022-01-18,1.0078698205148127,0.7132055874511009,0.2946642330637118,1.7210754079659134,2022-01-19,1.0267396299297373,0.5101723898849564,True
Highs,2021-12-20,2022-01-19,0.9283542599856104,0.7260891637893192,0.20226509619629118,1.6544434237749295,2022-01-20,0.7214927129235994,0.7214927129235998,True
Highs,2021-12-21,2022-01-20,0.8972409378665273,0.7283588020908703,0.16888213577565692,1.6255997399573976,2022-01-21,1.0729891628094552,0.1784057371804246,True
Very Highs,2020-06-27,2020-07-11,0.9243527330029137,0.7347915385567976,0.18956119444611608,1.6591442715597111,2020-07-12,1.0544893496575685,0.26267128938960016,True
Very Highs,2020-06-28,2020-07-12,0.951899476724376,0.6966328257347488,0.2552666509896272,1.6485323024591247,2020-07-15,0.5549943945566156,,True
Very Highs,2020-06-30,2020-07-15,0.9670356874850108,0.681816360013795,0.2852193274712158,1.6488520474988058,2020-07-16,0.11099887891132276,0.0784880599823008,False
Very Highs,2020-07-02,2020-07-16,0.9182634528118538,0.7088194443776614,0.20944400843419242,1.6270828971895153,2020-07-17,0.3884960761896306,0.2978412464063832,True
Very Highs,2020-07-03,2020-07-17,0.7800754545712422,0.6383220677865693,0.14175338678467286,1.4183975223578114,2020-07-18,0.6659932734679379,,True
Very Highs,2020-07-04,2020-07-18,0.7735234374132821,0.6405841715860484,0.1329392658272337,1.4141076089993305,2020-07-19,0.638243553740107,0.5101723898849561,True
Very Highs,2020-07-06,2020-07-19,0.7960700846921447,0.6350807921593218,0.1609892925328229,1.4311508768514665,2020-07-21,0.6937429931957686,0.19622014995575385,True
Very Highs,2020-07-07,2020-07-21,0.7596485775493668,0.6236870114244698,0.13596156612489696,1.3833355889738366,2020-07-22,0.33299663673396895,0.0784880599823011,True
Very Highs,2020-07-10,2020-07-22,0.731583520097356,0.6224316176546264,0.10915190244272965,1.3540151377519825,2020-07-23,0.2774971972783078,,True
Very Highs,2020-07-11,2020-07-23,0.6263508167138941,0.4548740395071474,0.17147677720674676,1.0812248562210416,2020-07-24,0.8509914049868099,0.5390402402139123,True
Very Highs,2020-07-12,2020-07-24,0.6254359907888009,0.4055813650767977,0.21985462571200315,1.0310173558655986,2020-07-25,0.8879910312905839,0.47418741857219526,True
Very Highs,2020-07-15,2020-07-25,0.5477553372363115,0.38022891942992715,0.1675264178063844,0.9279842566662386,2020-07-26,1.0433894617664359,0.41234253412675415,False
Very Highs,2020-07-16,2020-07-26,0.6392713211374342,0.43247133907917384,0.2067999820582604,1.071742660216608,2020-07-28,0.05549943945566138,,False
Very Highs,2020-07-17,2020-07-28,0.6574548981670669,0.4303815479681387,0.22707335019892821,1.0878364461352057,2020-07-29,0.45324542222123565,0.30482617674137025,True
Very Highs,2020-07-18,2020-07-29,0.6723970549435913,0.4224748927080776,0.24992216223551367,1.0948719476516688,2020-07-31,0.2682472907023639,0.1805509734226425,True
Very Highs,2020-07-19,2020-07-31,0.6293240009704473,0.4288375849949768,0.20048641597547046,1.058161585965424,2020-08-01,0.9989899102019066,,True
Very Highs,2020-07-21,2020-08-01,0.6423546233294155,0.43132080619194685,0.21103381713746866,1.0736754295213624,2020-08-02,0.16649831836698414,,False
Very Highs,2020-07-22,2020-08-02,0.6200995062257563,0.44751564820215634,0.17258385802359993,1.0676151544279127,2020-08-03,0.887991031290584,0.567796607623507,True
Very Highs,2020-07-23,2020-08-03,0.6788770719130023,0.47113919744827354,0.20773787446472874,1.1500162693612759,2020-08-04,0.0029909877550971706,1.0255801146869017e-15,False
Very Highs,2020-07-24,2020-08-04,0.6246677926517016,0.4953037620672708,0.1293640305844308,1.1199715547189724,2020-08-05,0.002990987755094743,7.9441093495795e-16,False
Very Highs,2020-07-25,2020-08-05,0.5063129532301903,0.5036579504773155,0.00265500275287478,1.0099709037075058,2020-08-06,0.002990987755095197,1.211675632181876e-15,True
Very Highs,2020-07-26,2020-08-06,0.3569726394550052,0.47674488265326764,-0.11977224319826246,0.8337175221082729,2020-08-07,0.002990987755095631,7.9441093495795e-16,True
Very Highs,2020-07-28,2020-08-07,0.2200781034008814,0.3780467317430391,-0.1579686283421577,0.5981248351439206,2020-08-08,0.002990987755095098,0.0,True
Very Highs,2020-07-29,2020-08-08,0.21316539654584668,0.3753356084515806,-0.1621702119057339,0.5885010049974273,2020-08-10,0.00299098775509421,,True
Very Highs,2020-07-31,2020-08-10,0.16461673293281479,0.36955869781933626,-0.20494196488652147,0.534175430752151,2020-08-12,0.6104938340122763,0.31720571791267077,False
Very Highs,2020-08-01,2020-08-12,0.20669149667593478,0.40017050043983315,-0.19347900376389837,0.6068619971157679,2020-08-13,0.2774971972783069,,True
Very Highs,2020-08-02,2020-08-13,0.1860774191638319,0.37601010487088415,-0.18993268570705227,0.5620875240347161,2020-08-14,0.6215937219034087,0.3124771233588091,False
Very Highs,2020-08-03,2020-08-14,0.24241487081754293,0.3980814732127228,-0.15566660239517988,0.6404963440302658,2020-08-16,0.05549943945566227,,True
Very Highs,2020-08-04,2020-08-16,0.16549209100493062,0.3028193543418685,-0.1373272633369379,0.46831144534679914,2020-08-18,0.5438945066654828,0.1203199175759994,False
Very Highs,2020-08-05,2020-08-18,0.22811091700630592,0.3185741813212775,-0.09046326431497159,0.5466850983275835,2020-08-19,0.8269416478893564,0.47272362267101786,False
Very Highs,2020-08-06,2020-08-19,0.3365254775502877,0.3939384432558632,-0.05741296570557547,0.730463920806151,2020-08-20,0.7492424326514302,0.4912040065915481,False
Very Highs,2020-08-07,2020-08-20,0.4775157269006302,0.41419851421215964,0.06331721268847057,0.8917142411127899,2020-08-21,0.4069958893415177,0.13893347360275501,True
Very Highs,2020-08-08,2020-08-21,0.5348540995586596,0.3642607234500907,0.1705933761085689,0.8991148230087502,2020-08-22,0.4023709360535458,0.18337225325503279,True
Very Highs,2020-08-10,2020-08-22,0.549681698713845,0.33704792161019137,0.2126337771036536,0.8867296203240363,2020-08-23,0.4254957024934048,0.08477679411106322,True
Very Highs,2020-08-12,2020-08-23,0.5542641387743035,0.3178057182977391,0.23645842047656435,0.8720698570720427,2020-08-25,0.646172045090916,0.49824118333074013,True
Very Highs,2020-08-13,2020-08-25,0.5624273551979982,0.34758324152697767,0.21484411367102058,0.9100105967249759,2020-08-26,0.8694912181386965,0.6088097098823902,True
Very Highs,2020-08-14,2020-08-26,0.5911445396442312,0.3702369656385233,0.22090757400570787,0.9613815052827546,2020-08-27,0.5327946187743502,0.3080093888515302,True
Very Highs,2020-08-16,2020-08-27,0.5805732178431529,0.3701251385969765,0.21044807924617637,0.9506983564401293,2020-08-28,2.108978699315136,,False
Very Highs,2020-08-18,2020-08-28,0.6294655811731404,0.4298785630015256,0.19958701817161484,1.059344144174666,2020-08-29,1.5401094448946067,0.5690384348716823,False
Very Highs,2020-08-19,2020-08-29,0.6871359170700949,0.49563196121630687,0.19150395585378804,1.1827678782864017,2020-08-31,0.11099887891132276,,False
Very Highs,2020-08-20,2020-08-31,0.6507026115770925,0.5037686279478178,0.14693398362927468,1.1544712395249104,2020-09-01,0.9804900970500198,0.755009990087635,True
Very Highs,2020-08-21,2020-09-01,0.6935287096457469,0.5602784550667197,0.13325025457902717,1.2538071647124664,2020-09-02,0.693742993195769,0.0392440299911504,True
Very Highs,2020-08-22,2020-09-02,0.7456385729465169,0.5761847019156757,0.1694538710308412,1.3218232748621928,2020-09-04,0.2108978699315136,0.17285202187119075,True
Very Highs,2020-08-23,2020-09-04,0.7073846621376014,0.5916318008535456,0.11575286128405582,1.2990164629911471,2020-09-05,0.203497944670759,0.08477679411106195,True
Very Highs,2020-08-25,2020-09-05,0.6877966246826621,0.6045585920674523,0.08323803261520979,1.2923552167501144,2020-09-06,0.4809951419490662,0.3695334782874756,True
Very Highs,2020-08-26,2020-09-06,0.6758399482100714,0.6111892154062295,0.06465073280384193,1.287029163616301,2020-09-07,0.11099887891132276,,True
Very Highs,2020-08-27,2020-09-07,0.636329779965774,0.6160514133013886,0.020278366664385428,1.2523811932671625,2020-09-08,0.47174523537312285,0.20517285312275688,True
Very Highs,2020-08-28,2020-09-08,0.6313061238081497,0.6214498637033843,0.009856260104765369,1.252755987511534,2020-09-10,1.2542873316979495,0.42011279412539665,False
Very Highs,2020-08-29,2020-09-10,0.6824696695563375,0.5904241845855822,0.09204548497075526,1.2728938541419197,2020-09-11,1.5095847531939928,1.1430729006631448,False
Very Highs,2020-08-31,2020-09-11,0.7516209800566728,0.7172541255902866,0.03436685446638621,1.4688751056469593,2020-09-12,0.2636223374143922,0.20499405321679326,True
Very Highs,2020-09-01,2020-09-12,0.6739217648187468,0.6812248642616869,-0.007303099442940164,1.3551466290804337,2020-09-13,0.7646589436113362,0.625310104270703,True
Very Highs,2020-09-02,2020-09-13,0.6511934229464282,0.6535151387195699,-0.0023217157731416638,1.3047085616659981,2020-09-14,1.3504863600877632,0.867520920528011,False
Very Highs,2020-09-04,2020-09-14,0.6949495027491528,0.6939515539419597,0.000997948807193061,1.3889010566911124,2020-09-15,1.2579872943283272,0.47849830195311965,True
Very Highs,2020-09-05,2020-09-15,0.7883443104497371,0.7055381405204281,0.082806169929309,1.4938824509701651,2020-09-16,0.5827441142844463,0.0392440299911504,True
Very Highs,2020-09-06,2020-09-16,0.8195847454498848,0.6970741809560548,0.12251056449383002,1.5166589264059396,2020-09-17,1.0822390693853992,0.2747082099380534,True
Very Highs,2020-09-07,2020-09-17,0.8562770658873489,0.6975248245645507,0.1587522413227982,1.5538018904518995,2020-09-18,1.553984304758522,0.5494164198761071,False
Very Highs,2020-09-08,2020-09-18,0.9060606162296364,0.6996872506101499,0.2063733656194865,1.6057478668397862,2020-09-19,0.5494444506110489,0.5281040534922501,True
Very Highs,2020-09-10,2020-09-19,0.8687361237243342,0.698127562561099,0.1706085611632352,1.566863686285433,2020-09-21,0.5449035873828583,0.4528007280388249,True
Very Highs,2020-09-11,2020-09-21,0.7689195066402557,0.6749616692446574,0.09395783739559826,1.443881175884913,2020-09-23,0.9712401904740764,0.8241246298141601,True
Very Highs,2020-09-12,2020-09-23,0.7054832592344664,0.5804555452325914,0.12502771400187507,1.2859388044670577,2020-09-24,1.7667321560052243,0.9692030746656024,False
Very Highs,2020-09-13,2020-09-24,0.9035308743381691,0.7117153688326514,0.19181550550551774,1.6152462431708206,2020-09-25,1.5354844916066348,1.1159850323084932,True
Very Highs,2020-09-14,2020-09-25,0.9750242431642349,0.762230097779179,0.2127941453850558,1.737254340943414,2020-09-26,1.4429854258471995,,True
Very Highs,2020-09-15,2020-09-26,0.959347453447863,0.753258583221187,0.206088870226676,1.71260603666905,2020-09-27,1.817606642172914,1.119462549436382,False
Very Highs,2020-09-16,2020-09-27,1.0863720063661402,0.8900995186633147,0.19627248770282546,1.976471525029455,2020-09-29,1.2764871074802144,,True
Very Highs,2020-09-17,2020-09-29,1.1124018082199978,0.8936927544030328,0.21870905381696504,2.0060945626230304,2020-10-14,0.7399925260754868,0.5035892445348294,True
Very Highs,2020-09-18,2020-10-14,1.0899145237782035,0.893978923196946,0.19593560058125747,1.9838934469751495,2020-10-15,0.9928233058179451,0.2222545511506279,True
Very Highs,2020-09-19,2020-10-15,1.0645100817815074,0.8767279393433588,0.1877821424381486,1.941238021124866,2020-10-16,2.275477017682121,,False
Very Highs,2020-09-21,2020-10-16,1.2276286265918972,0.9089092576658394,0.3187193689260578,2.1365378842577365,2020-10-17,1.5354844916066348,1.085199733311316,True
Very Highs,2020-09-23,2020-10-17,1.4996784016352405,0.9048052340266808,0.5948731676085597,2.4044836356619212,2020-10-19,0.7399925260754868,0.08477679411106234,True
Very Highs,2020-09-24,2020-10-19,1.4614852389990862,0.8984137129276742,0.563071526071412,2.3598989519267604,2020-10-23,0.7769921523792616,0.706392539840709,True
Very Highs,2020-09-25,2020-10-23,1.3471828220249265,0.878465979989821,0.46871684203510544,2.2256488020147476,2020-10-24,0.7452781869760259,0.5312286427533737,True
Very Highs,2020-09-26,2020-10-24,1.1978629015846942,0.8377102178474183,0.36015268373727594,2.0355731194321125,2020-10-27,0.8879910312905839,0.42412612080103024,True
Very Highs,2020-09-27,2020-10-27,1.1409884760163924,0.8001784524403236,0.3408100235760688,1.941166928456716,2020-10-28,0.7492424326514295,0.274708209938054,True
Very Highs,2020-09-29,2020-10-28,0.9411033980814858,0.5703574089245378,0.370745989156948,1.5114608070060236,2020-10-29,0.8047418721070918,0.74563656983186,True
Very Highs,2020-10-14,2020-10-29,0.922100061789376,0.574409984902845,0.347690076886531,1.496510046692221,2020-10-31,0.610493834012277,0.15697611996460284,True
Very Highs,2020-10-15,2020-10-31,0.9196197440986493,0.572721738970792,0.3468980051278573,1.4923414830694415,2020-11-01,1.942480380948152,,False
Very Highs,2020-10-16,2020-11-01,0.9473180182949118,0.6196032860496423,0.3277147322452695,1.5669213043445542,2020-11-02,0.6659932734679384,,True
Very Highs,2020-10-17,2020-11-02,0.8918185788392504,0.5661663794176287,0.3256521994216217,1.4579849582568791,2020-11-03,1.4429854258471986,1.9622014995575234,True
Very Highs,2020-10-19,2020-11-03,0.8622234344004555,0.6027802275091526,0.25944320689130285,1.465003661909608,2020-11-04,0.7214927129235997,,True
Very Highs,2020-10-23,2020-11-04,0.8709142806888419,0.6251058794377239,0.24580840125111802,1.496020160126566,2020-11-06,0.9712401904740763,0.6956274147998576,True
Very Highs,2020-10-24,2020-11-06,0.8972409378665275,0.6354848082446319,0.26175612962189554,1.5327257461111594,2020-11-08,1.2764871074802142,0.4692903432442683,True
Very Highs,2020-10-27,2020-11-08,1.0029541558773112,0.6424397755554776,0.3605143803218336,1.6453939314327888,2020-11-09,0.27749719727830735,,False
Very Highs,2020-10-28,2020-11-09,1.0014029293086746,0.6971108514563232,0.30429207785235135,1.6985137807649977,2020-11-10,0.44399551564529194,,True
Very Highs,2020-10-29,2020-11-10,0.9989899102019068,0.717108557774556,0.2818813524273508,1.7160984679764626,2020-11-11,0.3607463564618003,0.431684329902655,True
Very Highs,2020-10-31,2020-11-11,0.9586266815068801,0.728106438608806,0.23052024289807416,1.686733120115686,2020-11-12,0.516144786937652,0.2142307118981784,True
Very Highs,2020-11-01,2020-11-12,0.8343415731501111,0.6636741008046967,0.17066747234541446,1.4980156739548078,2020-11-15,0.9619902838981327,1.0067706419223148,True
Very Highs,2020-11-02,2020-11-15,0.8245631004841135,0.7010038720164327,0.12355922846768086,1.5255669725005463,2020-11-16,1.29036196734413,0.43079149682709816,True
Very Highs,2020-11-03,2020-11-16,0.8777674503382252,0.6974805190031195,0.18028693133510576,1.5752479693413446,2020-11-17,1.7759820625811678,,False
Very Highs,2020-11-04,2020-11-17,0.871491197938901,0.6306055360999637,0.24088566183893723,1.5020967340388647,2020-11-18,1.3874859863915379,1.6379388133524673,True
Very Highs,2020-11-06,2020-11-18,0.9150292197433422,0.7324057858503936,0.18262343389294855,1.647435005593736,2020-11-20,0.6135101078957368,0.8290195708681463,True
Very Highs,2020-11-08,2020-11-20,0.8733172664521307,0.7510464370210866,0.12227082943104406,1.6243637034732172,2020-11-22,0.3329966367339692,,True
Very Highs,2020-11-09,2020-11-22,0.7958575744867192,0.7645838321942645,0.03127374229245472,1.5604414066809837,2020-11-25,0.12949869206321019,0.032042616309599946,True
Very Highs,2020-11-10,2020-11-25,0.7535513953420873,0.7613773312251975,-0.007825935883110202,1.5149287265672848,2020-11-26,1.0544893496575685,,True
Very Highs,2020-11-11,2020-11-26,0.7709940763138666,0.7610699731614957,0.009924103152370911,1.5320640494753623,2020-11-27,0.9989899102019066,,True
Very Highs,2020-11-12,2020-11-27,0.8018320549489306,0.7625798744540645,0.03925218049486612,1.5644119294029952,2020-11-28,1.8314815020368298,1.5025903109834367,False
Very Highs,2020-11-15,2020-11-28,1.0220476483332448,0.967707988828914,0.05433965950433084,1.9897556371621588,2020-11-29,0.3329966367339692,,True
Very Highs,2020-11-16,2020-11-29,1.007106429015581,0.9692468998249978,0.03785952919058311,1.9763533288405788,2020-12-04,0.9249906575943584,0.3608175025736168,True
Very Highs,2020-11-17,2020-12-04,0.9393682297721838,0.9191639180839053,0.02020431168827852,1.858532147856089,2020-12-05,0.6659932734679375,,True
Very Highs,2020-11-18,2020-12-05,0.8931186968924658,0.9030216856551067,-0.00990298876264084,1.7961403825475726,2020-12-11,0.7908670122431765,0.19424803809481508,True
Very Highs,2020-11-20,2020-12-11,0.8174343526086909,0.7265282500795861,0.0909061025291048,1.5439626026882771,2020-12-12,0.7700547224473033,0.18392134793331255,True
Very Highs,2020-11-22,2020-12-12,0.8324915918349225,0.6178375767900793,0.21465401504484316,1.450329168625002,2020-12-14,0.5827441142844458,0.5101723898849557,True
Very Highs,2020-11-25,2020-12-14,0.8324915918349224,0.6109286277672793,0.2215629640676431,1.4434202196022017,2020-12-16,1.8869809414924905,1.4127850796814168,False
Very Highs,2020-11-26,2020-12-16,0.9779383986842423,0.6799553076707674,0.29798309101347487,1.6578937063550097,2020-12-17,3.163468048972706,,False
Very Highs,2020-11-27,2020-12-17,1.050661802108902,0.7919867844194328,0.2586750176894692,1.8426485865283349,2020-12-19,0.47174523537312263,0.3531962699203548,True
Very Highs,2020-11-28,2020-12-19,1.0137897607234168,0.7946889620894547,0.21910079863396204,1.8084787228128714,2020-12-25,0.44399551564529177,0.3348415075645367,True
Very Highs,2020-11-29,2020-12-25,0.8358551942261747,0.6436408851351858,0.1922143090909889,1.4794960793613605,2020-12-26,0.8509914049868096,0.27934105276038473,True
Very Highs,2020-12-04,2020-12-26,0.8515199710768637,0.6219525657788163,0.22956740529804742,1.47347253685568,2020-12-30,0.7214927129235988,,True
Very Highs,2020-12-05,2020-12-30,0.8324915918349227,0.6558690078573347,0.176622583977588,1.4883605996922573,2021-01-02,0.5549943945566147,,True
Very Highs,2020-12-11,2021-01-02,0.8287916292045452,0.6571524995253352,0.17163912967921002,1.4859441287298805,2021-01-04,0.757170924002239,0.6415957414457848,True
Very Highs,2020-12-12,2021-01-04,0.8181962816721005,0.6825218732492591,0.1356744084228414,1.5007181549213595,2021-01-07,1.4429854258471986,,True
Very Highs,2020-12-14,2021-01-07,0.8570394208249266,0.7746627156175864,0.0823767052073402,1.631702136442513,2021-01-11,0.2219977578226464,,True
Very Highs,2020-12-16,2021-01-11,0.8535813788280737,0.7904319847085342,0.06314939411953957,1.6440133635366079,2021-01-14,0.4439955156452928,,True
Very Highs,2020-12-17,2021-01-14,0.7503986709734232,0.6844621759079881,0.06593649506543509,1.4348608468814112,2021-01-15,0.6937429931957686,0.11773208997345182,True
Very Highs,2020-12-19,2021-01-15,0.6493434416312394,0.44334465453459443,0.20599878709664493,1.0926880961658338,2021-01-16,0.05549943945566227,,False
Very Highs,2020-12-25,2021-01-16,0.6393997920621001,0.4606118522992016,0.17878793976289847,1.1000116443613017,2021-01-21,1.359736266663707,0.1962201499557526,False
Very Highs,2020-12-26,2021-01-21,0.7700547224473032,0.5039278167537371,0.2661269056935661,1.2739825392010404,2021-01-22,0.5827441142844457,0.3989273559113898,True
Very Highs,2020-12-30,2021-01-22,0.7228141281487341,0.5108870506810141,0.21192707746772,1.2337011788297483,2021-01-25,0.5549943945566153,0.6819885297890197,True
Very Highs,2021-01-02,2021-01-25,0.7009820505160727,0.5318857623542103,0.1690962881618624,1.2328678128702828,2021-01-26,0.3607463564617994,0.431684329902655,True
Very Highs,2021-01-04,2021-01-26,0.6787118950098604,0.5360285033170092,0.14268339169285116,1.2147403983268696,2021-01-27,0.058499409155968074,2.2932668186396043e-15,False
Very Highs,2021-01-07,2021-01-27,0.5344231737545168,0.5097548265065179,0.024668347247998823,1.0441780002610348,2021-01-28,0.9712401904740755,,True
Very Highs,2021-01-11,2021-01-28,0.5119591149272251,0.4770600638485125,0.034899051078712606,0.9890191787757376,2021-02-06,0.9434904707462457,,True
Very Highs,2021-01-14,2021-02-06,0.5463159107807298,0.48109664491535903,0.0652192658653708,1.027412555696089,2021-02-07,0.33299663673397006,,True
Very Highs,2021-01-15,2021-02-07,0.5410302498801907,0.48288345291390966,0.058146796966281,1.0239137027941003,2021-02-08,0.2959970104301946,0.2242983141671965,True
Very Highs,2021-01-16,2021-02-08,0.49373364965377514,0.4798092577932755,0.013924391860499652,0.9735429074470506,2021-02-09,0.2219977578226473,,True
Very Highs,2021-01-21,2021-02-09,0.5013017550340927,0.4738437805783805,0.027457974455712186,0.9751455356124732,2021-02-10,0.7769921523792611,,True
Very Highs,2021-01-22,2021-02-10,0.4326742014191373,0.39873958665127196,0.033934614767865356,0.8314137880704093,2021-02-13,0.9018658911544993,0.7105848172382683,False
Very Highs,2021-01-25,2021-02-13,0.5588043560760038,0.5593997509123824,-0.0005953948363786044,1.1182041069883861,2021-02-14,0.906490844442471,0.3056670781368897,True
Very Highs,2021-01-26,2021-02-14,0.6009839300623064,0.5433330083499203,0.05765092171238617,1.1443169384122267,2021-02-15,1.2487373877523837,0.8655955622915837,False
Very Highs,2021-01-27,2021-02-15,0.6942045269958158,0.6103966433602613,0.08380788363555447,1.3046011703560771,2021-02-18,0.9434904707462444,,True
Very Highs,2021-01-28,2021-02-18,0.8156004580875473,0.5808031544190198,0.23479730366852758,1.396403612506567,2021-02-19,0.9212906949639807,0.7063683147154475,True
Very Highs,2021-02-06,2021-02-19,0.8437649154743538,0.6214969809863441,0.22226793448800974,1.465261896460698,2021-02-22,0.4994949551009542,,True
Very Highs,2021-02-07,2021-02-22,0.8298900556104384,0.6241492186739606,0.20574083693647782,1.454039274284399,2021-02-23,0.7214927129235997,1.2560739669470201e-15,True
Very Highs,2021-02-08,2021-02-23,0.8383778960196139,0.60854973931477,0.2298281567048439,1.4469276353343838,2021-02-24,1.83148150203683,,False
Very Highs,2021-02-09,2021-02-24,0.9229019690126937,0.6226898497731831,0.30021211923951063,1.5455918187858768,2021-02-26,0.4809951419490665,0.11553129610427933,True
Very Highs,2021-02-10,2021-02-26,0.9039681426490321,0.6057465044900833,0.29822163815894887,1.5097146471391154,2021-02-27,1.6982828473432416,0.9357870408503615,False
Very Highs,2021-02-13,2021-02-27,1.0147397511285137,0.7057121197778573,0.30902763135065636,1.720451870906371,2021-02-28,1.8684811283406038,0.3777768748018136,False
Very Highs,2021-02-14,2021-02-28,1.1229964702356505,0.7271166013970187,0.3958798688386318,1.8501130716326692,2021-03-02,0.8741161714266688,0.509417137968438,True
Very Highs,2021-02-15,2021-03-02,1.1125114909066691,0.7306850714251895,0.38182641948147966,1.8431965623318587,2021-03-03,1.2209876680245526,,True
Very Highs,2021-02-18,2021-03-03,1.102827571118951,0.7197105360052815,0.38311703511366957,1.8225381071242324,2021-03-04,0.4994949551009533,,True
Very Highs,2021-02-19,2021-03-04,1.0885051351303932,0.7273642028070528,0.3611409323233403,1.815869337937446,2021-03-05,0.8509914049868103,0.3391071764442503,True
Very Highs,2021-02-22,2021-03-05,1.1284886022651173,0.7059500369757812,0.4225385652893361,1.8344386392408984,2021-03-06,0.9989899102019069,0.47092835989380566,True
Very Highs,2021-02-23,2021-03-06,1.143288452786627,0.6866770803212848,0.4566113724653421,1.8299655331079117,2021-03-11,0.9989899102019066,,True
Very Highs,2021-02-24,2021-03-11,1.1724256585008492,0.690344376513271,0.48208128198757827,1.8627700350141203,2021-03-12,1.054489349657568,,True
Very Highs,2021-02-26,2021-03-12,1.1400509854850467,0.6761667127654233,0.4638842727196234,1.8162176982504699,2021-03-13,1.373611126527622,0.5193968743221284,True
Very Highs,2021-02-27,2021-03-13,1.2565073092761763,0.6414288339736989,0.6150784753024774,1.8979361432498751,2021-03-14,1.3042368272080451,0.7456365698318588,True
Very Highs,2021-02-28,2021-03-14,1.1604428249820133,0.5234151015297626,0.6370277234522508,1.683857926511776,2021-03-16,0.5549943945566147,,False
Very Highs,2021-03-02,2021-03-16,1.0239646579569546,0.45640974710364457,0.56755491085331,1.4803744050605991,2021-03-18,3.8849607618963047,,False
Very Highs,2021-03-03,2021-03-18,1.2275170138428662,0.8128068539990632,0.414710159843803,2.0403238678419293,2021-03-19,0.2219977578226464,1.2560739669470201e-15,False
Very Highs,2021-03-04,2021-03-19,1.1161553934971924,0.85299988407266,0.26315550942453236,1.9691552775698524,2021-03-21,1.1099887891132303,,True
Very Highs,2021-03-05,2021-03-21,1.1500717176089854,0.8390615157234929,0.31101020188549255,1.9891332333324783,2021-03-22,1.7204826231255064,,True
Very Highs,2021-03-06,2021-03-22,1.241799957820426,0.881696126328058,0.3601038314923679,2.123496084148484,2021-03-24,1.3319865469358758,0.1569761199646016,True
Very Highs,2021-03-11,2021-03-24,1.283424537412172,0.8692648611733145,0.4141596762388575,2.1526893985854865,2021-03-26,0.9434904707462461,,True
Very Highs,2021-03-12,2021-03-26,1.2799558224461933,0.8705852661226422,0.4093705563235511,2.1505410885688354,2021-03-27,0.7954919655311482,0.22429831416719606,True
Very Highs,2021-03-13,2021-03-27,1.2117377614486093,0.8415292081090292,0.37020855333958014,2.0532669695576384,2021-03-28,0.24974747755047666,0.11773208997345182,False
Very Highs,2021-03-14,2021-03-28,1.0510206346915898,0.915649648922024,0.13537098576956574,1.9666702836136138,2021-03-29,3.3577160870675207,4.042135089088499,False
Very Highs,2021-03-16,2021-03-29,1.307705542174024,1.587836117693627,-0.2801305755196031,2.895541659867651,2021-03-31,0.9619902838981326,0.5156771066575786,True
Very Highs,2021-03-18,2021-03-31,1.2919036184401207,1.4977961700607552,-0.20589255162063447,2.789699788500876,2021-04-02,0.2996969730605722,0.14995122804837657,True
Very Highs,2021-03-19,2021-04-02,0.9485358743331237,1.2692746811466575,-0.32073880681353384,2.2178105554797813,2021-04-03,0.4994949551009542,,True
Very Highs,2021-03-21,2021-04-03,0.9963470797516374,1.2831629062442464,-0.28681582649260906,2.279509985995884,2021-04-04,0.6881930492502029,0.2650061912136251,True
Very Highs,2021-03-22,2021-04-04,0.9301706052768869,1.1825722485833388,-0.2524016433064519,2.1127428538602255,2021-04-05,0.5549943945566156,,True
Very Highs,2021-03-24,2021-04-05,0.8835510761341312,1.173053006509866,-0.2895019303757349,2.0566040826439975,2021-04-10,0.8324915918349225,0.23546417994690236,True
Very Highs,2021-03-26,2021-04-10,0.8435914797260549,1.165818535569591,-0.32222705584353606,2.0094100152956456,2021-04-12,0.38849607618963056,,True
Very Highs,2021-03-27,2021-04-12,0.8213917039437902,1.169116472951843,-0.3477247690080528,1.9905081768956334,2021-04-13,0.44399551564529194,,True
Very Highs,2021-03-28,2021-04-13,0.8083614007672438,1.2217701528287983,-0.4134087520615545,2.0301315535960422,2021-04-14,0.05549943945566138,,True
Very Highs,2021-03-29,2021-04-14,0.8249234864546051,1.2490510176377319,-0.42412753118312674,2.073974504092337,2021-04-15,0.22199775782264597,,True
Very Highs,2021-03-31,2021-04-15,0.554994394556615,0.34836675864348765,0.20662763591312738,0.9033611532001027,2021-04-16,0.8435914797260546,0.6109981660553386,True
Very Highs,2021-04-02,2021-04-16,0.5646464709836867,0.38764902918863164,0.17699744179505505,0.9522955001723183,2021-04-17,1.054489349657568,,False
Very Highs,2021-04-03,2021-04-17,0.6601512272094473,0.4035736409375444,0.2565775862719029,1.0637248681469917,2021-04-18,0.869491218138697,0.5156771066575777,True
Very Highs,2021-04-04,2021-04-18,0.6977072388711731,0.42068847060041575,0.2770187682707574,1.1183957094715888,2021-04-23,0.44399551564529194,0.43464719466875096,True
Very Highs,2021-04-05,2021-04-23,0.639564968965242,0.46177591939566326,0.1777890495695787,1.1013408883609053,2021-04-24,0.7276593173075618,0.5172509381261102,True
Very Highs,2021-04-10,2021-04-24,0.6698208210166041,0.4796306065061417,0.19019021451046242,1.1494514275227459,2021-04-25,0.33299663673397006,,True
Very Highs,2021-04-12,2021-04-25,0.6461720450909161,0.4880307635405402,0.15814128155037588,1.1342028086314562,2021-04-28,0.4994949551009533,0.0784880599823008,True
Very Highs,2021-04-13,2021-04-28,0.6449417619502733,0.4785934234869118,0.1663483384633615,1.1235351854371851,2021-04-29,0.8602413115627532,0.30228943768649047,True
Very Highs,2021-04-14,2021-04-29,0.6781337758488639,0.4682625679805854,0.2098712078682785,1.1463963438294493,2021-04-30,0.44399551564529194,,True
Very Highs,2021-04-15,2021-04-30,0.6902742782297899,0.4564871294593208,0.23378714877046913,1.1467614076891106,2021-05-01,0.9831329275002894,0.6077245941789614,True
Very Highs,2021-04-16,2021-05-01,0.7565449904745435,0.4901726754927916,0.2663723149817519,1.2467176659673351,2021-05-02,0.13874859863915345,0.11773208997345118,False
Very Highs,2021-04-17,2021-05-02,0.7088071267623054,0.4867734648221915,0.22203366194011387,1.195580591584497,2021-05-04,0.1526234585030697,0.09478333727341963,False
Very Highs,2021-04-18,2021-05-04,0.6411645768693528,0.49394147776625424,0.14722309910309855,1.135106054635607,2021-05-05,0.610493834012277,,True
Very Highs,2021-04-23,2021-05-05,0.6212853916842108,0.48772539136216303,0.1335600003220478,1.1090107830463738,2021-05-06,0.38849607618963056,,True
Very Highs,2021-04-24,2021-05-06,0.6417122687060861,0.4903477832231537,0.1513644854829324,1.1320600519292399,2021-05-07,0.38849607618963056,,True
Very Highs,2021-04-25,2021-05-07,0.5989314507923471,0.478539115772473,0.12039233501987412,1.07747056656482,2021-05-08,1.442985425847199,1.224346650074132,False
Very Highs,2021-04-28,2021-05-08,0.7338259216915243,0.6808294729863857,0.05299644870513853,1.4146553946779101,2021-05-13,1.193237948296722,0.19622014995575385,True
Very Highs,2021-04-29,2021-05-13,0.7852142915578776,0.6885069185359378,0.09670737302193977,1.4737212100938155,2021-05-14,1.1321885648954946,0.810557865578454,True
Very Highs,2021-04-30,2021-05-14,0.836455837510327,0.7499354472971507,0.08652039021317637,1.5863912848074777,2021-05-15,0.5549943945566156,0.769022791430388,True
Very Highs,2021-05-01,2021-05-15,0.8213917039437902,0.7530285180131374,0.06836318593065283,1.5744202219569277,2021-05-16,0.8324915918349225,0.3539222650747395,True
Very Highs,2021-05-02,2021-05-16,0.7811032219685693,0.7436360832584528,0.03746713871011653,1.5247393052270222,2021-05-18,0.38849607618963056,,True
Very Highs,2021-05-04,2021-05-18,0.8154148412331806,0.7392507386935653,0.07616410253961536,1.554665579926746,2021-05-19,0.7769921523792611,,True
Very Highs,2021-05-05,2021-05-19,0.929012356105638,0.7255983507196139,0.20341400538602417,1.654610706825252,2021-05-20,0.3052469170061385,0.3531962699203536,True
Very Highs,2021-05-06,2021-05-20,0.8903035079345699,0.7327240559076401,0.1575794520269298,1.62302756384221,2021-05-21,0.5464560192557439,0.4331512018491512,True
Very Highs,2021-05-07,2021-05-21,0.7800754545712423,0.6643486502909639,0.11572680428027837,1.4444241048622062,2021-05-24,0.7214927129235988,,True
Very Highs,2021-05-08,2021-05-24,0.7893253611471858,0.6610508270989071,0.1282745340482787,1.4503761882460928,2021-05-27,1.1099887891132294,,True
Very Highs,2021-05-13,2021-05-27,0.7198109117279735,0.5312658020757638,0.18854510965220972,1.2510767138037373,2021-05-28,0.7353675727875151,0.4037242499767864,True
Very Highs,2021-05-14,2021-05-28,0.6945358423308496,0.5148559890774874,0.17967985325336222,1.209391831408337,2021-05-30,1.9424803809481528,,False
Very Highs,2021-05-15,2021-05-30,0.6642029689693685,0.4815161711734584,0.18268679779591007,1.1457191401428268,2021-06-01,0.8116793020390493,0.4652291853384416,True
Very Highs,2021-05-16,2021-06-01,0.7060762019636935,0.45866587051271973,0.24741033145097374,1.1647420724764133,2021-06-02,1.4984848653028604,0.15697611996460345,False
Very Highs,2021-05-18,2021-06-02,0.7378160774693823,0.49755795236506717,0.2402581251043151,1.2353740298344493,2021-06-04,0.4422611581623024,0.30526662497768653,True
Very Highs,2021-05-19,2021-06-04,0.7153052754167181,0.49040259826861404,0.22490267714810402,1.2057078736853322,2021-06-10,0.5364945814047278,0.4784983019531199,True
Very Highs,2021-05-20,2021-06-10,0.6999688918526537,0.49200642625915314,0.2079624655935005,1.191975318111807,2021-06-11,0.758492339227374,0.4612356259707011,True
Very Highs,2021-05-21,2021-06-11,0.7264941158978014,0.48344746664016486,0.24304664925763658,1.2099415825379662,2021-06-12,0.6104938340122765,,True
Very Highs,2021-05-24,2021-06-12,0.7982520182997764,0.4829532110894031,0.31529880721037334,1.2812052293891796,2021-06-13,0.9018658911544992,0.5252937165199885,True
Very Highs,2021-05-27,2021-06-13,0.8126995123231608,0.48788563965780873,0.3248138726653521,1.3005851519809695,2021-06-14,0.38849607618963056,,True
Very Highs,2021-05-28,2021-06-14,0.7914791384136431,0.49024812547890373,0.3012310129347394,1.281727263892547,2021-06-22,1.7482323428533375,0.9026126897964621,False
Very Highs,2021-05-30,2021-06-22,0.8582901593943901,0.5660382075282969,0.2922519518660932,1.424328366922687,2021-06-23,2.4419753360491057,,False
Very Highs,2021-06-01,2021-06-23,0.873899376741295,0.6026064462456857,0.2712929304956093,1.4765058229869807,2021-06-24,0.7547923765969964,0.4879533946861119,True
Very Highs,2021-06-02,2021-06-24,0.8705278455997941,0.6191621393485527,0.25136570625124144,1.4896899849483467,2021-06-25,0.24974747755047666,0.1962201499557526,False
Very Highs,2021-06-04,2021-06-25,0.7844080257548021,0.6128092337538878,0.1715987920009142,1.39721725950869,2021-06-26,0.05549943945566138,,False
Very Highs,2021-06-10,2021-06-26,0.8090110597575273,0.64133401681584,0.16767704294168728,1.4503450765733672,2021-06-27,0.28542568862911605,0.16472700927525077,True
Very Highs,2021-06-11,2021-06-27,0.7140927876628446,0.627351662518201,0.0867411251446436,1.3414444501810454,2021-07-01,0.3052469170061376,0.1962201499557532,True
Very Highs,2021-06-12,2021-07-01,0.6723970549435911,0.6531653408723189,0.01923171407127222,1.32556239581591,2021-07-02,3.8294613224406415,,False
Very Highs,2021-06-13,2021-07-02,0.7962034968062205,0.8995625143824644,-0.10335901757624388,1.695766011188685,2021-07-03,2.1644781387708,,False
Very Highs,2021-06-14,2021-07-03,0.8373176300484582,0.9814450440973168,-0.14412741404885865,1.818762674145775,2021-07-04,0.3329966367339689,0.29367542940633296,True
Very Highs,2021-06-22,2021-07-04,0.7947519730050726,0.9548108251376409,-0.16005885213256832,1.7495627981427135,2021-07-08,1.2487373877523833,0.9026126897964609,True
Very Highs,2021-06-23,2021-07-08,0.754792376596996,0.9227216475326255,-0.16792927093562948,1.6775140241296216,2021-07-09,0.055499439455661825,6.280369834735101e-16,True
Very Highs,2021-06-24,2021-07-09,0.6361089599148892,0.8532097287006254,-0.21710076878573614,1.4893186886155148,2021-07-11,0.7769921523792609,0.39244029991150486,True
Very Highs,2021-06-25,2021-07-11,0.6225589295461158,0.8884570604198923,-0.26589813087377645,1.511015989966008,2021-07-14,0.7353675727875149,0.15941000340039646,True
Very Highs,2021-06-26,2021-07-14,0.6704332286243908,0.8445706712732433,-0.17413744264885245,1.515003899897634,2021-07-16,0.11099887891132276,,True
Very Highs,2021-06-27,2021-07-16,0.6726532062026171,0.842958353796931,-0.1703051475943138,1.515611559999548,2021-07-17,0.5411195346926996,0.2538252569441316,True
Very Highs,2021-07-01,2021-07-17,0.7719467487923827,0.8697851002935099,-0.09783835150112719,1.6417318490858925,2021-07-18,0.16649831836698414,,True
Very Highs,2021-07-02,2021-07-18,0.7875634741803391,0.8880983897877819,-0.10053491560744277,1.675661863968121,2021-07-19,0.610493834012277,,True
Very Highs,2021-07-03,2021-07-19,0.6342793080647029,0.550416632646331,0.08386267541837189,1.184695940711034,2021-07-20,0.11099887891132276,,True
Very Highs,2021-07-04,2021-07-20,0.5364945814047277,0.43535528179797417,0.10113929960675355,0.971849863202702,2021-07-21,0.7284301428555571,0.49678974009524135,True
Very Highs,2021-07-08,2021-07-21,0.6190322093131475,0.46213202053792335,0.15690018877522416,1.0811642298510709,2021-07-24,0.033876281226183025,0.0,False
Very Highs,2021-07-09,2021-07-24,0.5073700559376154,0.4124018677676831,0.0949681881699323,0.9197719237052986,2021-07-25,1.9424803809481523,0.6279044798584081,False
Very Highs,2021-07-11,2021-07-25,0.6471464219740961,0.5546801002546656,0.09246632171943048,1.2018265222287616,2021-07-26,0.8879910312905843,0.235464179946903,True
Very Highs,2021-07-14,2021-07-26,0.6553685611527127,0.5540522563846396,0.10131630476807307,1.2094208175373522,2021-07-28,0.2219977578226473,,True
Very Highs,2021-07-16,2021-07-28,0.623978275741493,0.5913745708706906,0.03260370487080244,1.2153528466121837,2021-07-29,1.942480380948152,,False
Very Highs,2021-07-17,2021-07-29,0.7002900049930275,0.6385849073645389,0.06170509762848864,1.3388749123575665,2021-07-30,0.9934399662563405,0.3054990830276696,True
Very Highs,2021-07-18,2021-07-30,0.7843872724937425,0.6360934643786411,0.1482938081151014,1.4204807368723835,2021-07-31,0.7452781869760259,0.774912860565946,True
Very Highs,2021-07-19,2021-07-31,0.7954880904131858,0.6567291920437669,0.1387588983694189,1.4522172824569526,2021-08-01,0.7325926008147318,0.31736751630009236,True
Very Highs,2021-07-20,2021-08-01,0.7917885706534326,0.6260699741152717,0.1657185965381609,1.4178585447687042,2021-08-02,0.5364945814047278,0.2622801182278256,True
Very Highs,2021-07-21,2021-08-02,0.7894887794100813,0.6054428890727869,0.18404589033729446,1.3949316684828683,2021-08-03,0.47174523537312263,0.2747082099380528,True
Very Highs,2021-07-24,2021-08-03,0.7847462634217675,0.6249123409613346,0.15983392246043282,1.409658604383102,2021-08-04,0.9434904707462461,,True
Very Highs,2021-07-25,2021-08-04,0.8678964066600857,0.5930773590275049,0.2748190476325808,1.4609737656875907,2021-08-07,0.8386581962188853,,True
Very Highs,2021-07-26,2021-08-07,0.7900961866951811,0.5083156656068026,0.2817805210883785,1.2984118523019839,2021-08-08,0.2913720571422227,3.1401849173675503e-16,True
Very Highs,2021-07-28,2021-08-08,0.747480545684584,0.5216917197694382,0.22578882591514582,1.269172265454022,2021-08-10,0.38849607618962995,0.2001060747168971,True
Very Highs,2021-07-29,2021-08-10,0.7290981916638197,0.50952329663585,0.21957489502796967,1.2386214882996698,2021-08-13,1.49848486530286,,False
Very Highs,2021-07-30,2021-08-13,0.71429834114231,0.4785716590907892,0.23572668205152075,1.1928700002330992,2021-08-14,0.8879910312905839,0.23546417994690236,True
Very Highs,2021-07-31,2021-08-14,0.6754715727988432,0.4785416088838984,0.19692996391494477,1.1540131816827417,2021-08-15,0.49949495510095354,0.07848805998230048,True
Very Highs,2021-08-01,2021-08-15,0.6372625030426587,0.3347337857673097,0.302528717275349,0.9719962888099685,2021-08-16,0.7584923392273742,0.6480218108407798,True
Very Highs,2021-08-02,2021-08-16,0.6316144540273477,0.38306037037889823,0.2485540836484495,1.014674824406246,2021-08-19,0.30921116268154236,0.2678140634636808,True
Very Highs,2021-08-03,2021-08-19,0.5494701447959819,0.39668482280962547,0.15278532198635641,0.9461549676056074,2021-08-20,0.8546913676171872,0.42376284354310834,True
Very Highs,2021-08-04,2021-08-20,0.611749994164565,0.421128488960129,0.190621505204436,1.032878483124694,2021-08-27,0.6228270427802013,0.40951082093251384,True
Very Highs,2021-08-07,2021-08-27,0.6051200787633948,0.41452262842725535,0.19059745033613945,1.0196427071906502,2021-08-28,0.46778098969771825,0.28454338145282226,True
Very Highs,2021-08-08,2021-08-28,0.5759758899605846,0.3990816122626098,0.17689427769797478,0.9750575022231944,2021-08-29,0.6104938340122761,,True
Very Highs,2021-08-10,2021-08-29,0.5910690302027948,0.3987392316591766,0.1923297985436182,0.9898082618619714,2021-08-30,0.38849607618963145,0.0784880599823008,True
Very Highs,2021-08-13,2021-08-30,0.5962632085108247,0.40015501967307676,0.19610818883774794,0.9964182281839015,2021-09-05,0.527244674828784,0.03924402999115165,True
Very Highs,2021-08-14,2021-09-05,0.5702567404069219,0.36706470287606785,0.20319203753085402,0.9373214432829897,2021-09-06,2.4974747755047666,,False
Very Highs,2021-08-15,2021-09-06,0.6033785212615506,0.4776244428928743,0.12575407836867625,1.081002964154425,2021-09-09,0.3329966367339692,,True
Very Highs,2021-08-16,2021-09-09,0.6017307646245404,0.4852977170507443,0.11643304757379613,1.0870284816752847,2021-09-10,1.1377385088410608,0.8241246298141598,False
Very Highs,2021-08-19,2021-09-10,0.6179937582630416,0.5012326556041972,0.11676110265884443,1.1192264138672388,2021-09-11,0.22199775782264553,,True
Very Highs,2021-08-20,2021-09-11,0.6749447959607866,0.5164921431328142,0.15845265282797238,1.1914369390936008,2021-09-12,0.9434904707462454,0.6728949425015895,True
Very Highs,2021-08-27,2021-09-12,0.6717345947909374,0.542635985801423,0.12909860898951442,1.2143705805923606,2021-09-13,0.9157407510184146,0.274708209938054,True
Very Highs,2021-08-28,2021-09-13,0.7139246075432819,0.5788728374314881,0.1350517701117938,1.2927974449747701,2021-09-14,0.47868266530508063,0.29137205714222303,True
Very Highs,2021-08-29,2021-09-14,0.7550844789099208,0.6041951564692255,0.1508893224406953,1.3592796353791463,2021-09-15,0.05549943945566138,,False
Very Highs,2021-08-30,2021-09-15,0.7258742476174675,0.6246436062099279,0.10123064140753968,1.3505178538273954,2021-09-16,1.0544893496575682,0.6543287410813287,True
Very Highs,2021-09-05,2021-09-16,0.8089043300662663,0.6420280759640853,0.166876254102181,1.4509324060303515,2021-09-17,0.711401905749843,0.8038105432209232,True
Very Highs,2021-09-06,2021-09-17,0.7913454556867598,0.7128499961339685,0.07849545955279136,1.5041954518207283,2021-09-18,1.070346332359186,0.6252123613854987,True
Very Highs,2021-09-09,2021-09-18,0.7983990790264448,0.646391750841741,0.15200732818470375,1.444790829868186,2021-09-19,0.8879910312905839,,True
Very Highs,2021-09-10,2021-09-19,0.8142560617280623,0.6414272870857264,0.17282877464233593,1.4556833488137886,2021-09-21,0.44399551564529194,0.3924402999115052,True
Very Highs,2021-09-11,2021-09-21,0.7746136049740183,0.6295029174376119,0.14511068753640644,1.40411652241163,2021-09-25,0.49949495510095343,0.08477679411106244,True
Very Highs,2021-09-12,2021-09-25,0.7411205634627968,0.5851258518912564,0.15599471157154032,1.3262464153540532,2021-09-26,0.8324915918349225,,True
Very Highs,2021-09-13,2021-09-26,0.7278964943992526,0.5773802691416011,0.15051622525765151,1.3052767635408538,2021-09-27,0.3329966367339685,0.31395223992920285,True
Very Highs,2021-09-14,2021-09-27,0.6980121808462042,0.5825889477093159,0.11542323313688829,1.28060112855552,2021-09-28,1.165488228568891,1.1058184971401843,True
Very Highs,2021-09-15,2021-09-28,0.7580055020391663,0.6454615331687192,0.11254396887044704,1.4034670352078855,2021-09-29,1.2024878548726654,0.8885689623841687,True
Very Highs,2021-09-16,2021-09-29,0.8089043300662663,0.6600237515469308,0.14888057851933545,1.468928081613197,2021-09-30,0.5327946187743506,0.3104994001775841,True
Very Highs,2021-09-17,2021-09-30,0.7584923392273737,0.6365394135713663,0.12195292565600735,1.3950317527987401,2021-10-01,0.41624579591746125,0.0392440299911504,True
Very Highs,2021-09-18,2021-10-01,0.7534469356404954,0.5690435607668276,0.18440337487366776,1.322490496407323,2021-10-02,0.788092040270393,0.6283948387616146,True
Very Highs,2021-09-19,2021-10-02,0.6874769274507746,0.5405006075744943,0.14697631987628035,1.2279775350252689,2021-10-04,0.6798681333318533,0.3550084740687279,True
Very Highs,2021-09-21,2021-10-04,0.6806843015591424,0.5251486707453688,0.15553563081377364,1.2058329723045111,2021-10-05,0.5827441142844458,0.2747082099380534,True
Very Highs,2021-09-25,2021-10-05,0.6888459838320338,0.5201138842714745,0.16873209956055923,1.2089598681035083,2021-10-07,0.11099887891132276,,False
Very Highs,2021-09-26,2021-10-07,0.7155463444104928,0.5756463497743461,0.13989999463614666,1.291192694184839,2021-10-08,0.27749719727830735,0.235464179946903,True
Very Highs,2021-09-27,2021-10-08,0.6813034636626031,0.5775098041345935,0.10379365952800956,1.2588132677971966,2021-10-09,0.7769921523792607,0.07848805998230142,True
Very Highs,2021-09-28,2021-10-09,0.7119238440519335,0.5667757546852626,0.1451480893666709,1.2786995987371963,2021-10-11,0.3514964498858563,0.21011748660799426,True
Very Highs,2021-09-29,2021-10-11,0.6277177979812749,0.47071888293082725,0.15699891505044766,1.0984366809121022,2021-10-12,0.3052469170061383,0.1849056093167759,True
Very Highs,2021-09-30,2021-10-12,0.5133698149648689,0.35967747601912825,0.15369233894574064,0.8730472909839971,2021-10-13,0.5827441142844463,0.11773208997345118,True
Very Highs,2021-10-01,2021-10-13,0.5148051452956186,0.36086726146695913,0.15393788382865947,0.8756724067625777,2021-10-14,0.44399551564529194,,True
Very Highs,2021-10-02,2021-10-14,0.5193161834779755,0.36665562029777865,0.15266056318019683,0.8859718037757541,2021-10-15,0.8509914049868098,0.3996987276067203,True
Very Highs,2021-10-04,2021-10-15,0.541597978136283,0.33453095588644133,0.20706702224984164,0.8761289340227243,2021-10-18,0.263622337414392,0.1942480380948153,True
Very Highs,2021-10-05,2021-10-18,0.48418476490628837,0.32763361467089647,0.1565511502353919,0.8118183795771848,2021-10-19,0.4578703755092073,0.2733030436391013,True
Very Highs,2021-10-07,2021-10-19,0.4744306921209774,0.323245910052468,0.15118478206850938,0.7976766021734454,2021-10-21,0.3607463564617994,0.03924402999115102,True
Very Highs,2021-10-08,2021-10-21,0.47868266530508047,0.31260428874136864,0.16607837656371183,0.7912869540464491,2021-10-22,0.795491965531148,0.30933988916508104,False
Very Highs,2021-10-09,2021-10-22,0.5426611857886903,0.3306391087748506,0.21202207701383968,0.8733002945635409,2021-10-23,0.950427900678203,0.8233066399055843,False
Very Highs,2021-10-11,2021-10-23,0.5732507891143982,0.41503285668880274,0.15821793242559545,0.9882836458032009,2021-10-24,0.4439955156452928,,True
Very Highs,2021-10-12,2021-10-24,0.5881398931204127,0.41905460408836076,0.16908528903205194,1.0071944972087734,2021-10-25,0.19979798204038168,0.13834100406507407,True
Very Highs,2021-10-13,2021-10-25,0.5923748993664575,0.4318795519954358,0.16049534737102167,1.0242544513618932,2021-10-26,0.36999626303774313,0.544724477263193,True
Very Highs,2021-10-14,2021-10-26,0.5738642039715397,0.44953981691091055,0.12432438706062915,1.0234040208824502,2021-10-28,1.1099887891132294,,False
Very Highs,2021-10-15,2021-10-28,0.5928925832134808,0.4578985412797335,0.1349940419337473,1.0507911244932142,2021-10-31,0.5364945814047278,0.32865166688796105,True
Very Highs,2021-10-18,2021-10-31,0.5389788420279813,0.43344519094583844,0.10553365108214285,0.9724240329738197,2021-11-01,1.0544893496575671,,False
Very Highs,2021-10-19,2021-11-01,0.5895081084681044,0.44559882464693645,0.14390928382116797,1.0351069331150409,2021-11-02,1.3874859863915372,,False
Very Highs,2021-10-21,2021-11-02,0.6351815157011742,0.4795154923134979,0.15566602338767632,1.114697008014672,2021-11-03,2.0534792598594755,,False
Very Highs,2021-10-22,2021-11-03,0.7054375179382116,0.5497264210648992,0.15571109687331242,1.2551639390031109,2021-11-04,0.2774971972783075,0.2001060747168967,True
Very Highs,2021-10-23,2021-11-04,0.6324716120367184,0.5819738367880523,0.050497775248666166,1.2144454488247707,2021-11-05,0.44399551564529194,,True
Very Highs,2021-10-24,2021-11-05,0.5660942824477473,0.5177493044088027,0.04834497803894455,1.08384358685655,2021-11-06,0.05549943945566138,,True
Very Highs,2021-10-25,2021-11-06,0.548435369893673,0.5286230880283941,0.019812281865278947,1.077058457922067,2021-11-08,0.4224124003014242,0.1148193751093975,True
Very Highs,2021-10-26,2021-11-08,0.5968392100192168,0.5171795489941093,0.07965966102510746,1.1140187590133261,2021-11-10,0.36074635646179987,0.0392440299911504,True
Very Highs,2021-10-28,2021-11-10,0.6072563667106963,0.4980234860098672,0.1092328807008291,1.1052798527205634,2021-11-11,0.43289562775415946,0.46334553872732676,True
Very Highs,2021-10-31,2021-11-11,0.5499840284946456,0.4841766818767923,0.06580734661785326,1.0341607103714379,2021-11-12,0.33299663673396895,0.13914445849818707,True
Very Highs,2021-11-01,2021-11-12,0.4863316265121107,0.4585858756653735,0.027745750846737194,0.9449175021774843,2021-11-14,0.44399551564529194,0.3924402999115039,True
Very Highs,2021-11-02,2021-11-14,0.46215273966473674,0.4418723848064524,0.020280354858284333,0.9040251244711892,2021-11-16,0.1109988789113232,0.0,True
Very Highs,2021-11-03,2021-11-16,0.3939184352169078,0.39889110182772,-0.004972666610812193,0.7928095370446278,2021-11-17,0.4809951419490662,0.47849830195312,True
Very Highs,2021-11-04,2021-11-17,0.3488109931380016,0.26574713343383566,0.08306385970416597,0.6145581265718373,2021-11-18,0.22199775782264597,0.0,True
Very Highs,2021-11-05,2021-11-18,0.34748815703628055,0.2662261813580246,0.08126197567825594,0.6137143383943051,2021-11-19,0.6104938340122767,0.23546417994690205,True
Very Highs,2021-11-06,2021-11-19,0.3613431246279897,0.27288202137269224,0.08846110325529744,0.6342251460006819,2021-11-20,0.42813853294367454,0.29492140627602015,True
Very Highs,2021-11-08,2021-11-20,0.382246139313993,0.2727093556806571,0.10953678363333591,0.6549554949946501,2021-11-22,0.8047418721070914,0.9026126897964621,False
Very Highs,2021-11-10,2021-11-22,0.40237093605354585,0.3296431777033391,0.07272775835020673,0.732014113756885,2021-11-24,0.7214927129235997,,True
Very Highs,2021-11-11,2021-11-24,0.41386724851221857,0.33848579267029316,0.0753814558419254,0.7523530411825117,2021-11-26,0.5272446748287836,0.431684329902655,True
Very Highs,2021-11-12,2021-11-26,0.41798015340045064,0.32360976420427384,0.0943703891961768,0.7415899176047245,2021-11-27,0.758492339227374,0.39374626125792744,False
Very Highs,2021-11-14,2021-11-27,0.4809951419490664,0.3723015580079791,0.1086935839410873,0.8532966999570455,2021-11-28,0.4301206557813768,0.10505874330399767,True
Very Highs,2021-11-16,2021-11-28,0.4765296698089556,0.3530458776333911,0.12348379217556449,0.8295755474423467,2021-11-29,0.36999626303774374,0.21011748660799545,True
Very Highs,2021-11-17,2021-11-29,0.5033225026496198,0.3375674369917963,0.16575506565782344,0.840889939641416,2021-11-30,0.47174523537312263,0.22429831416719673,True
Very Highs,2021-11-18,2021-11-30,0.5013449364161423,0.31546535286196536,0.18587958355417694,0.8168102892781077,2021-12-02,0.16649831836698414,,False
Very Highs,2021-11-19,2021-12-02,0.5090638239726194,0.31849859758313653,0.19056522638948287,0.827562421555756,2021-12-03,0.5549943945566151,0.3139522399292038,True
Very Highs,2021-11-20,2021-12-03,0.505236276423953,0.3199720357610826,0.1852642406628704,0.8252083121850355,2021-12-05,1.2447731420769794,0.7277675607863866,False
Very Highs,2021-11-22,2021-12-05,0.7023549751802679,0.5405908856236575,0.16176408955661037,1.2429458608039254,2021-12-06,0.4994949551009533,,True
Very Highs,2021-11-24,2021-12-06,0.6877966246826622,0.5228915349620737,0.16490508972058848,1.2106881596447359,2021-12-09,0.2774971972783087,,True
Very Highs,2021-11-26,2021-12-09,0.6719396419810446,0.5285336042646759,0.14340603771636873,1.2004732462457204,2021-12-10,0.31079686095170445,0.18238976951254804,True
Very Highs,2021-11-27,2021-12-10,0.6230259655022646,0.5172098496828905,0.10581611581937411,1.140235815185155,2021-12-12,0.36199409565819496,0.5270325455137065,True
Very Highs,2021-11-28,2021-12-12,0.5537300188376012,0.5338975293676154,0.019832489469985837,1.0876275482052167,2021-12-13,0.43012065578137637,0.45130634489823046,True
Very Highs,2021-11-29,2021-12-13,0.5610011578409084,0.5536337073342223,0.00736745050668608,1.1146348651751308,2021-12-14,1.054489349657568,,True
Very Highs,2021-11-30,2021-12-14,0.5943293727229758,0.571502771001862,0.022826601721113837,1.1658321437248378,2021-12-15,0.8879910312905839,,True
Very Highs,2021-12-02,2021-12-15,0.621363793687356,0.5969889770200419,0.024374816667314003,1.2183527707073978,2021-12-16,0.6659932734679379,0.3924402999115046,True
Very Highs,2021-12-03,2021-12-16,0.6395012748500736,0.5848756073387286,0.05462566751134501,1.2243768821888021,2021-12-18,0.11099887891132365,,True
Very Highs,2021-12-05,2021-12-18,0.6271051150103552,0.6000688792330945,0.027036235777260664,1.2271739942434496,2021-12-19,1.0961139292493147,0.17768490297124154,True
Very Highs,2021-12-06,2021-12-19,0.5329650791445657,0.4462293597981748,0.0867357193463909,0.9791944389427405,2021-12-20,0.610493834012277,,True
Very Highs,2021-12-09,2021-12-20,0.5372342667950012,0.4464272671883745,0.09080699960662669,0.9836615339833756,2021-12-21,0.7214927129235997,,True
Very Highs,2021-12-10,2021-12-21,0.5543110173967432,0.44458243110728735,0.10972858628945581,0.9988934485040305,2021-12-22,0.9434904707462444,,True
Very Highs,2021-12-12,2021-12-22,0.6273451190137748,0.46526447696960777,0.162080642044167,1.0926095959833826,2022-01-11,0.5660942824477473,0.3540672854721687,True
Very Highs,2021-12-13,2022-01-11,0.7229532244882222,0.36398983958616316,0.35896338490205904,1.0869430640743853,2022-01-14,0.6659932734679384,,True
Very Highs,2021-12-14,2022-01-14,0.7523257348434115,0.3427681993037625,0.40955753553964896,1.095093934147174,2022-01-15,1.098888901222098,0.7501668530309675,False
Very Highs,2021-12-15,2022-01-15,0.8173553810742876,0.4712963058993097,0.3460590751749779,1.2886516869735973,2022-01-16,0.2774971972783076,0.0784880599823011,False
Very Highs,2021-12-16,2022-01-16,0.7673400759521896,0.48575404633011937,0.2815860296220702,1.2530941222823089,2022-01-17,0.5272446748287845,0.5886604498672579,True
Very Highs,2021-12-18,2022-01-17,0.7552749804183501,0.4988608303905669,0.25641415002778317,1.254135810808917,2022-01-19,1.4984848653028602,1.5697611996460192,False
Very Highs,2021-12-19,2022-01-19,0.844053975054852,0.6057545124721417,0.2382994625827103,1.4498084875269939,2022-01-20,0.7584923392273737,0.19490762586075452,True
Very Highs,2021-12-20,2022-01-20,0.7890572479131004,0.607495123264427,0.18156212464867338,1.3965523711775274,2022-01-21,0.9910614188510982,0.7818848614114521,True
